{
    "color": {
        "primary": "#5f8bce",
        "secondary": "#000000"
    },
    "logo": {
        "footer": "footer1681111986oMt5Fj036ZjdLPT1B4lUtU3h4AHKpluTJkaBAK0B.png",
        "header": "header16811119861zfzf1KN8CfXQkQnbxXa34I3qWejAjQOWjP2TcVd.png",
        "favicon": "favicon168061511366670.png"
    },
    "Style": 1,
    "siteTitle": "Coupon Code pro",
    "meta": {
        "title": "Latest & Verified Coupons & Promo Codes",
        "description": "Search. Get Code. Big Discount. Always Sale. The Best Price. Paste Code at Checkout. Almost 5000+ Stores. Redeem Code Online",
        "keywords": "coupons,deal"
    },
    "header": {
        "background": "#ffffff",
        "color": "#000000",
        "button_color": "white",
        "button_background": "#000000",
        "button_text": "Valentine Day",
        "button_url": "#"
    },
    "footer": {
        "background": "#24467d",
        "color": "white"
    },
    "category": [
        {
            "id": 9,
            "name": "Apparel and Accessories",
            "description": "<h1>Description</h1>\r\n<figure class=\"table\"><table><tbody><tr><td>Upto 70% Off Apparel & Accessories Coupon Codes, Discount Codes & Free Shipping Coupons, Don't Pay Extra, Save More With Promozons, Your Discount Partner</td></tr></tbody></table></figure>",
            "parent_category": 1,
            "seo_title": "Upto 70% Off Apparel & Accessories Coupon Codes",
            "seo_description": "<p>Upto 70% Off Apparel & Accessories Coupon Codes, Discount Codes & Free Shipping Coupons, Don't Pay Extra, Save More With Promozons, Your Discount Partner</p>",
            "meta_key": "",
            "slug": "apparel-and-accessories",
            "deleted_at": null,
            "created_at": "2023-03-21T20:00:30.000000Z",
            "updated_at": "2023-03-21T20:00:30.000000Z"
        },
        {
            "id": 10,
            "name": "Arts and Entertainment",
            "description": "<figure class=\"table\"><table><tbody><tr><td>Upto 70% Off Arts & Entertainment Coupon Codes, Discount Codes & Free Shipping Coupons, Don't Pay Extra, Save More With Promozons, Your Discount Partner</td></tr></tbody></table></figure>",
            "parent_category": 1,
            "seo_title": "Arts & Entertainment",
            "seo_description": "",
            "meta_key": "",
            "slug": "arts-and-entertainment",
            "deleted_at": null,
            "created_at": "2023-03-21T20:00:30.000000Z",
            "updated_at": "2023-03-21T20:00:30.000000Z"
        },
        {
            "id": 12,
            "name": "Automotive",
            "description": "<p>Upto 70% Off Automotive Coupon Codes, Discount Codes & Free Shipping Coupons, Don't Pay Extra, Save More With Promozons, Your Discount Partner</p>",
            "parent_category": 1,
            "seo_title": "Upto 70% Off Automotive Coupon Codes, Discount Codes & Free Shipping Coupons, Don't Pay Extra, Save More With Promozons, Your Discount Partner",
            "seo_description": "",
            "meta_key": "",
            "slug": "automotive",
            "deleted_at": null,
            "created_at": "2023-03-21T20:00:30.000000Z",
            "updated_at": "2023-03-21T20:00:30.000000Z"
        },
        {
            "id": 13,
            "name": "Baby and Nursery",
            "description": "<p>Upto 70% Off Baby & Nursery Coupon Codes, Discount Codes & Free Shipping Coupons, Don't Pay Extra, Save More With Promozons, Your Discount Partner</p>",
            "parent_category": 1,
            "seo_title": "Upto 70% Off Baby & Nursery Coupon Codes, Discount Codes & Free Shipping Coupons, Don't Pay Extra, Save More With Promozons, Your Discount Partner",
            "seo_description": "<p>Upto 70% Off Baby & Nursery Coupon Codes, Discount Codes & Free Shipping Coupons, Don't Pay Extra, Save More With Promozons, Your Discount Partner</p>",
            "meta_key": "",
            "slug": "baby-and-nursery",
            "deleted_at": null,
            "created_at": "2023-03-21T20:00:30.000000Z",
            "updated_at": "2023-03-21T20:00:30.000000Z"
        },
        {
            "id": 14,
            "name": "Beauty",
            "description": "Latest And Top Beauty Coupon Codes, Discount Codes & Free Shipping Coupons, Don't Pay Extra, Save More With Promozons, Your Discount Partner</p>",
            "parent_category": 1,
            "seo_title": "Upto 70% Off Beauty Coupon Codes, Discount Codes & Free Shipping Coupons",
            "seo_description": "",
            "meta_key": "",
            "slug": "beauty",
            "deleted_at": null,
            "created_at": "2023-03-21T20:00:30.000000Z",
            "updated_at": "2023-03-21T20:00:30.000000Z"
        },
        {
            "id": 15,
            "name": "Books Music and Video",
            "description": "<p>Upto 70% Off Books, Music & Video Coupon Codes, Discount Codes & Free Shipping Coupons, Don't Pay Extra, Save More With Promozons, Your Discount Partner</p>",
            "parent_category": 1,
            "seo_title": "Upto 70% Off Books, Music & Video Coupon Codes, Discount Codes & Free Shipping Coupons",
            "seo_description": "",
            "meta_key": "",
            "slug": "books-music-and-video",
            "deleted_at": null,
            "created_at": "2023-03-21T20:00:30.000000Z",
            "updated_at": "2023-03-21T20:00:30.000000Z"
        },
        {
            "id": 16,
            "name": "Business",
            "description": "<p>Upto 70% Off Business Coupon Codes, Discount Codes & Free Shipping Coupons, Don't Pay Extra, Save More With Promozons, Your Discount Partner</p>",
            "parent_category": 1,
            "seo_title": "Upto 70% Off Business Coupon Codes, Discount Codes & Free Shipping Coupons",
            "seo_description": "",
            "meta_key": "",
            "slug": "business",
            "deleted_at": null,
            "created_at": "2023-03-21T20:00:30.000000Z",
            "updated_at": "2023-03-21T20:00:30.000000Z"
        },
        {
            "id": 17,
            "name": "Computers and Software",
            "description": "<p>Upto 70% Off Computers & Software Coupon Codes, Discount Codes & Free Shipping Coupons, Don't Pay Extra, Save More With Promozons, Your Discount Partner</p>",
            "parent_category": 1,
            "seo_title": "Upto 70% Off Computers & Software Coupon Codes, Discount Codes & Free Shipping Coupons",
            "seo_description": "",
            "meta_key": "",
            "slug": "computers-and-software",
            "deleted_at": null,
            "created_at": "2023-03-21T20:00:30.000000Z",
            "updated_at": "2023-03-21T20:00:30.000000Z"
        },
        {
            "id": 18,
            "name": "Education and Training",
            "description": "<p>Upto 70% Off Education & Training Coupon Codes, Discount Codes & Free Shipping Coupons, Don't Pay Extra, Save More With Promozons, Your Discount Partner</p>",
            "parent_category": 1,
            "seo_title": "Upto 70% Off Education & Training Coupon Codes, Discount Codes & Free Shipping Coupons",
            "seo_description": "",
            "meta_key": "",
            "slug": "education-and-training",
            "deleted_at": null,
            "created_at": "2023-03-21T20:00:30.000000Z",
            "updated_at": "2023-03-21T20:00:30.000000Z"
        },
        {
            "id": 19,
            "name": "Electronics",
            "description": "<p>Upto 70% Off Electronics Coupon Codes, Discount Codes &amp; Free Shipping Coupons, Don't Pay Extra, Save More With Promozons, Your Discount Partner</p>",
            "parent_category": 0,
            "seo_title": "Upto 70% Off Electronics Coupon Codes, Discount Codes & Free Shipping Coupons",
            "seo_description": "",
            "meta_key": "",
            "slug": "electronics-coupon-code",
            "deleted_at": null,
            "created_at": "2023-03-21T20:00:30.000000Z",
            "updated_at": "2023-03-21T20:00:30.000000Z"
        },
        {
            "id": 20,
            "name": "Flowers and Gifts",
            "description": "<p>Upto 70% Off Flowers & Gifts Coupon Codes, Discount Codes & Free Shipping Coupons, Don't Pay Extra, Save More With Promozons, Your Discount Partner</p>",
            "parent_category": 1,
            "seo_title": "Upto 70% Off Flowers & Gifts Coupon Codes, Discount Codes & Free Shipping Coupons",
            "seo_description": "",
            "meta_key": "",
            "slug": "flowers-and-gifts",
            "deleted_at": null,
            "created_at": "2023-03-21T20:00:30.000000Z",
            "updated_at": "2023-03-21T20:00:30.000000Z"
        },
        {
            "id": 21,
            "name": "Food and Beverage",
            "description": "New  Coupon Codes, Discount Codes & Free Shipping Coupons, Don't Pay Extra, Save More With Promozons, Your Discount Partner</p>",
            "parent_category": 1,
            "seo_title": "Upto 70% Off Coupon Codes, Discount Codes & Free Shipping Coupons",
            "seo_description": "",
            "meta_key": "",
            "slug": "food-and-beverage",
            "deleted_at": null,
            "created_at": "2023-03-21T20:00:30.000000Z",
            "updated_at": "2023-03-21T20:00:30.000000Z"
        },
        {
            "id": 22,
            "name": "Freebies and Giveaways",
            "description": "<p>Upto 70% Off Freebies & Giveaways Coupon Codes, Discount Codes & Free Shipping Coupons, Don't Pay Extra, Save More With Promozons, Your Discount Partner</p>",
            "parent_category": 1,
            "seo_title": "Upto 70% Off Freebies & Giveaways Coupon Codes, Discount Codes & Free Shipping Coupons",
            "seo_description": "",
            "meta_key": "",
            "slug": "freebies-and-giveaways",
            "deleted_at": null,
            "created_at": "2023-03-21T20:00:30.000000Z",
            "updated_at": "2023-03-21T20:00:30.000000Z"
        },
        {
            "id": 23,
            "name": "Groceries",
            "description": "<p>Upto 70% Off Groceries Coupon Codes, Discount Codes &amp; Free Shipping Coupons, Don't Pay Extra, Save More With Promozons, Your Discount Partner</p>",
            "parent_category": 0,
            "seo_title": "Upto 70% Off Groceries Coupon Codes, Discount Codes & Free Shipping Coupons",
            "seo_description": "",
            "meta_key": "",
            "slug": "groceries-coupon-code",
            "deleted_at": null,
            "created_at": "2023-03-21T20:00:30.000000Z",
            "updated_at": "2023-03-21T20:00:30.000000Z"
        },
        {
            "id": 24,
            "name": "Health and Medicine",
            "description": "Redeemmenow brings hundreds of free coupon codes and promo code of all health related product so shop now and get you savings",
            "parent_category": 1,
            "seo_title": " Health & Medicine Coupon Codes, Discount Codes & Free Shipping Coupons",
            "seo_description": "",
            "meta_key": "",
            "slug": "health-and-medicine",
            "deleted_at": null,
            "created_at": "2023-03-21T20:00:30.000000Z",
            "updated_at": "2023-03-21T20:00:30.000000Z"
        }
    ],
    "season": [
        {
            "id": 12,
            "name": "4th of July",
            "slug": "4th-of-july",
            "deleted_at": null,
            "created_at": "-000001-11-30T00:00:00.000000Z",
            "updated_at": "-000001-11-30T00:00:00.000000Z"
        },
        {
            "id": 13,
            "name": "Back to School",
            "slug": "back-to-school",
            "deleted_at": null,
            "created_at": "-000001-11-30T00:00:00.000000Z",
            "updated_at": "-000001-11-30T00:00:00.000000Z"
        },
        {
            "id": 14,
            "name": "Black Friday",
            "slug": "black-friday",
            "deleted_at": null,
            "created_at": "-000001-11-30T00:00:00.000000Z",
            "updated_at": "-000001-11-30T00:00:00.000000Z"
        },
        {
            "id": 15,
            "name": "Christmas & Holiday",
            "slug": "christmas-&-holiday",
            "deleted_at": null,
            "created_at": "-000001-11-30T00:00:00.000000Z",
            "updated_at": "-000001-11-30T00:00:00.000000Z"
        },
        {
            "id": 16,
            "name": "Columbus Day",
            "slug": "columbus-day",
            "deleted_at": null,
            "created_at": "-000001-11-30T00:00:00.000000Z",
            "updated_at": "-000001-11-30T00:00:00.000000Z"
        },
        {
            "id": 17,
            "name": "Cyber Monday",
            "slug": "cyber-monday-coupon-code",
            "deleted_at": null,
            "created_at": "-000001-11-30T00:00:00.000000Z",
            "updated_at": "-000001-11-30T00:00:00.000000Z"
        },
        {
            "id": 18,
            "name": "Easter",
            "slug": "easter",
            "deleted_at": null,
            "created_at": "-000001-11-30T00:00:00.000000Z",
            "updated_at": "-000001-11-30T00:00:00.000000Z"
        },
        {
            "id": 19,
            "name": "Fall Fashion",
            "slug": "fall-fashion",
            "deleted_at": null,
            "created_at": "-000001-11-30T00:00:00.000000Z",
            "updated_at": "-000001-11-30T00:00:00.000000Z"
        },
        {
            "id": 21,
            "name": "Fathers Day",
            "slug": "fathers-day-coupon-code",
            "deleted_at": null,
            "created_at": "-000001-11-30T00:00:00.000000Z",
            "updated_at": "-000001-11-30T00:00:00.000000Z"
        },
        {
            "id": 22,
            "name": "Graduation",
            "slug": "graduation",
            "deleted_at": null,
            "created_at": "-000001-11-30T00:00:00.000000Z",
            "updated_at": "-000001-11-30T00:00:00.000000Z"
        }
    ],
    "country": [
        {
            "id": 9,
            "name": "United States",
            "slug": "united-states",
            "deleted_at": null,
            "created_at": null,
            "updated_at": null
        },
        {
            "id": 10,
            "name": "United Kingdom",
            "slug": "united-kingdom",
            "deleted_at": null,
            "created_at": null,
            "updated_at": null
        },
        {
            "id": 11,
            "name": "Canada",
            "slug": "canada",
            "deleted_at": null,
            "created_at": null,
            "updated_at": null
        },
        {
            "id": 12,
            "name": "Spain",
            "slug": "spain",
            "deleted_at": null,
            "created_at": null,
            "updated_at": null
        },
        {
            "id": 14,
            "name": "Germany",
            "slug": "germany",
            "deleted_at": null,
            "created_at": null,
            "updated_at": null
        },
        {
            "id": 21,
            "name": "China",
            "slug": "china",
            "deleted_at": null,
            "created_at": null,
            "updated_at": null
        },
        {
            "id": 22,
            "name": "Australia",
            "slug": "australia",
            "deleted_at": null,
            "created_at": null,
            "updated_at": null
        },
        {
            "id": 24,
            "name": "test country",
            "slug": "test-country",
            "deleted_at": null,
            "created_at": null,
            "updated_at": null
        }
    ],
    "type": [
        {
            "id": 1,
            "name": "Coupon Code",
            "slug": "coupon-code",
            "seo_title": "Coupon Code",
            "seo_description": "Coupon Code",
            "meta_key": "Coupon Code",
            "deleted_at": null,
            "created_at": null,
            "updated_at": null
        },
        {
            "id": 2,
            "name": "Free Shipping",
            "slug": "free-shipping",
            "seo_title": "Free Shipping",
            "seo_description": "Free Shipping",
            "meta_key": "Free Shipping",
            "deleted_at": null,
            "created_at": null,
            "updated_at": null
        },
        {
            "id": 3,
            "name": "Discount",
            "slug": "discount",
            "seo_title": "Discount",
            "seo_description": "Discount",
            "meta_key": "Discount",
            "deleted_at": null,
            "created_at": null,
            "updated_at": null
        },
        {
            "id": 11,
            "name": "Free Gift",
            "slug": "free-gift",
            "seo_title": "Free Gift Coupon",
            "seo_description": "",
            "meta_key": "Free Gift Coupon",
            "deleted_at": null,
            "created_at": null,
            "updated_at": null
        }
    ],
    "pages": [
        {
            "id": 19,
            "name": "Term & Conditions",
            "description": "<p>Welcome to Redeemmenow!</p>\n<p>These terms and conditions outline the rules and regulations for the use of Redeemmenow's Website, located at www.redeemmenow.com.</p>\n<p>By accessing this website we assume you accept these terms and conditions. Do not continue to use Redeemmenow if you do not agree to take all of the terms and conditions stated on this page.</p>\n<p>The following terminology applies to these Terms and Conditions, Privacy Statement and Disclaimer Notice and all Agreements: \"Client\", \"You\" and \"Your\" refers to you, the person log on this website and compliant to the Company&rsquo;s terms and conditions. \"The Company\", \"Ourselves\", \"We\", \"Our\" and \"Us\", refers to our Company. \"Party\", \"Parties\", or \"Us\", refers to both the Client and ourselves. All terms refer to the offer, acceptance and consideration of payment necessary to undertake the process of our assistance to the Client in the most appropriate manner for the express purpose of meeting the Client&rsquo;s needs in respect of provision of the Company&rsquo;s stated services, in accordance with and subject to, prevailing law of Netherlands. Any use of the above terminology or other words in the singular, plural, capitalization and/or he/she or they, are taken as interchangeable and therefore as referring to same.</p>\n<h3><strong>Cookies</strong></h3>\n<p>We employ the use of cookies. By accessing Redeemmenow, you agreed to use cookies in agreement with the Redeemmenow's Privacy Policy.</p>\n<p>Most interactive websites use cookies to let us retrieve the user&rsquo;s details for each visit. Cookies are used by our website to enable the functionality of certain areas to make it easier for people visiting our website. Some of our affiliate/advertising partners may also use cookies.</p>\n<h3><strong>License</strong></h3>\n<p>Unless otherwise stated, Redeemmenow and/or its licensors own the intellectual property rights for all material on Redeemmenow. All intellectual property rights are reserved. You may access this from Redeemmenow for your own personal use subjected to restrictions set in these terms and conditions.</p>\n<p>You must not:</p>\n<ul>\n<li>Republish material from Redeemmenow</li>\n<li>Sell, rent or sub-license material from Redeemmenow</li>\n<li>Reproduce, duplicate or copy material from Redeemmenow</li>\n<li>Redistribute content from Redeemmenow</li>\n</ul>\n<p>Parts of this website offer an opportunity for users to post and exchange opinions and information in certain areas of the website. Redeemmenow does not filter, edit, publish or review Comments prior to their presence on the website. Comments do not reflect the views and opinions of Redeemmenow,its agents and/or affiliates. Comments reflect the views and opinions of the person who post their views and opinions. To the extent permitted by applicable laws, Redeemmenow shall not be liable for the Comments or for any liability, damages or expenses caused and/or suffered as a result of any use of and/or posting of and/or appearance of the Comments on this website.</p>\n<p>Redeemmenow reserves the right to monitor all Comments and to remove any Comments which can be considered inappropriate, offensive or causes breach of these Terms and Conditions.</p>\n<p>You warrant and represent that:</p>\n<ul>\n<li>You are entitled to post the Comments on our website and have all necessary licenses and consents to do so;</li>\n<li>The Comments do not invade any intellectual property right, including without limitation copyright, patent or trademark of any third party;</li>\n<li>The Comments do not contain any defamatory, libelous, offensive, indecent or otherwise unlawful material which is an invasion of privacy</li>\n<li>The Comments will not be used to solicit or promote business or custom or present commercial activities or unlawful activity.</li>\n</ul>\n<p>You hereby grant Redeemmenow a non-exclusive license to use, reproduce, edit and authorize others to use, reproduce and edit any of your Comments in any and all forms, formats or media.</p>\n<h3><strong>Hyperlinking to our Content</strong></h3>\n<p>The following organizations may link to our Website without prior written approval:</p>\n<ul>\n<li>Government agencies;</li>\n<li>Search engines;</li>\n<li>News organizations;</li>\n<li>Online directory distributors may link to our Website in the same manner as they hyperlink to the Websites of other listed businesses; and</li>\n<li>System wide Accredited Businesses except soliciting non-profit organizations, charity shopping malls, and charity fundraising groups which may not hyperlink to our Web site.</li>\n</ul>\n<p>These organizations may link to our home page, to publications or to other Website information so long as the link: (a) is not in any way deceptive; (b) does not falsely imply sponsorship, endorsement or approval of the linking party and its products and/or services; and (c) fits within the context of the linking party&rsquo;s site.</p>\n<p>We may consider and approve other link requests from the following types of organizations:</p>\n<ul>\n<li>commonly-known consumer and/or business information sources;</li>\n<li>dot.com community sites;</li>\n<li>associations or other groups representing charities;</li>\n<li>online directory distributors;</li>\n<li>internet portals;</li>\n<li>accounting, law and consulting firms; and</li>\n<li>educational institutions and trade associations.</li>\n</ul>\n<p>We will approve link requests from these organizations if we decide that: (a) the link would not make us look unfavorably to ourselves or to our accredited businesses; (b) the organization does not have any negative records with us; (c) the benefit to us from the visibility of the hyperlink compensates the absence of Redeemmenow; and (d) the link is in the context of general resource information.</p>\n<p>These organizations may link to our home page so long as the link: (a) is not in any way deceptive; (b) does not falsely imply sponsorship, endorsement or approval of the linking party and its products or services; and (c) fits within the context of the linking party&rsquo;s site.</p>\n<p>If you are one of the organizations listed in paragraph 2 above and are interested in linking to our website, you must inform us by sending an e-mail to Redeemmenow. Please include your name, your organization name, contact information as well as the URL of your site, a list of any URLs from which you intend to link to our Website, and a list of the URLs on our site to which you would like to link. Wait 2-3 weeks for a response.</p>\n<p>Approved organizations may hyperlink to our Website as follows:</p>\n<ul>\n<li>By use of our corporate name; or</li>\n<li>By use of the uniform resource locator being linked to; or</li>\n<li>By use of any other description of our Website being linked to that makes sense within the context and format of content on the linking party&rsquo;s site.</li>\n</ul>\n<p>No use of Redeemmenow's logo or other artwork will be allowed for linking absent a trademark license agreement.</p>\n<h3><strong>iFrames</strong></h3>\n<p>Without prior approval and written permission, you may not create frames around our Webpages that alter in any way the visual presentation or appearance of our Website.</p>\n<h3><strong>Content Liability</strong></h3>\n<p>We shall not be hold responsible for any content that appears on your Website. You agree to protect and defend us against all claims that is rising on your Website. No link(s) should appear on any Website that may be interpreted as libelous, obscene or criminal, or which infringes, otherwise violates, or advocates the infringement or other violation of, any third party rights.</p>\n<h3><strong>Your Privacy</strong></h3>\n<p>Please read Privacy Policy</p>\n<h3><strong>Reservation of Rights</strong></h3>\n<p>We reserve the right to request that you remove all links or any particular link to our Website. You approve to immediately remove all links to our Website upon request. We also reserve the right to amen these terms and conditions and it&rsquo;s linking policy at any time. By continuously linking to our Website, you agree to be bound to and follow these linking terms and conditions.</p>\n<h3><strong>Removal of links from our website</strong></h3>\n<p>If you find any link on our Website that is offensive for any reason, you are free to contact and inform us any moment. We will consider requests to remove links but we are not obligated to or so or to respond to you directly.</p>\n<p>We do not ensure that the information on this website is correct, we do not warrant its completeness or accuracy; nor do we promise to ensure that the website remains available or that the material on the website is kept up to date.</p>\n<h3><strong>Disclaimer</strong></h3>\n<p>To the maximum extent permitted by applicable law, we exclude all representations, warranties and conditions relating to our website and the use of this website. Nothing in this disclaimer will:</p>\n<ul>\n<li>limit or exclude our or your liability for death or personal injury;</li>\n<li>limit or exclude our or your liability for fraud or fraudulent misrepresentation;</li>\n<li>limit any of our or your liabilities in any way that is not permitted under applicable law; or</li>\n<li>exclude any of our or your liabilities that may not be excluded under applicable law.</li>\n</ul>\n<p>The limitations and prohibitions of liability set in this Section and elsewhere in this disclaimer: (a) are subject to the preceding paragraph; and (b) govern all liabilities arising under the disclaimer, including liabilities arising in contract, in tort and for breach of statutory duty.</p>\n<p>As long as the website and the information and services on the website are provided free of charge, we will not be liable for any loss or damage of any nature.</p>",
            "image": null,
            "description2": null,
            "seo_title": null,
            "seo_description": null,
            "slug": "term-conditions",
            "meta_key": null,
            "deleted_at": null,
            "created_at": "2023-03-29T09:51:44.000000Z",
            "updated_at": "2023-03-29T09:51:44.000000Z"
        },
        {
            "id": 20,
            "name": "PRIVACY & POLICY",
            "description": "<p>At redeemmenow, accessible from www.redeemmenow.com, one of our main priorities is the privacy of our visitors. This Privacy Policy document contains types of information that is collected and recorded by redeemmenow and how we use it.</p>\n<p>If you have additional questions or require more information about our Privacy Policy, do not hesitate to contact us.</p>\n<h2>Consent</h2>\n<p>By using our website, you hereby consent to our Privacy Policy and agree to its terms.</p>\n<h2>Information we collect</h2>\n<p>The personal information that you are asked to provide, and the reasons why you are asked to provide it, will be made clear to you at the point we ask you to provide your personal information.</p>\n<p>If you contact us directly, we may receive additional information about you such as your name, email address, phone number, the contents of the message and/or attachments you may send us, and any other information you may choose to provide.</p>\n<p>When you register for an Account, we may ask for your contact information, including items such as name, company name, address, email address, and telephone number.</p>\n<h2>How we use your information</h2>\n<p>We use the information we collect in various ways, including to:</p>\n<ul>\n<li>Provide, operate, and maintain our webste</li>\n<li>Improve, personalize, and expand our webste</li>\n<li>Understand and analyze how you use our webste</li>\n<li>Develop new products, services, features, and functionality</li>\n<li>Communicate with you, either directly or through one of our partners, including for customer service, to provide you with updates and other information relating to the webste, and for marketing and promotional purposes</li>\n<li>Send you emails</li>\n<li>Find and prevent fraud</li>\n</ul>\n<h2>Log Files</h2>\n<p>redeemmenow follows a standard procedure of using log files. These files log visitors when they visit websites. All hosting companies do this and a part of hosting services' analytics. The information collected by log files include internet protocol (IP) addresses, browser type, Internet Service Provider (ISP), date and time stamp, referring/exit pages, and possibly the number of clicks. These are not linked to any information that is personally identifiable. The purpose of the information is for analyzing trends, administering the site, tracking users' movement on the website, and gathering demographic information.</p>\n<h2>Cookies and Web Beacons</h2>\n<p>Like any other website, redeemmenow uses 'cookies'. These cookies are used to store information including visitors' preferences, and the pages on the website that the visitor accessed or visited. The information is used to optimize the users' experience by customizing our web page content based on visitors' browser type and/or other information.</p>\n<h2>Advertising Partners Privacy Policies</h2>\n<p>You may consult this list to find the Privacy Policy for each of the advertising partners of redeemmenow.</p>\n<p>Third-party ad servers or ad networks uses technologies like cookies, JavaScript, or Web Beacons that are used in their respective advertisements and links that appear on redeemmenow, which are sent directly to users' browser. They automatically receive your IP address when this occurs. These technologies are used to measure the effectiveness of their advertising campaigns and/or to personalize the advertising content that you see on websites that you visit.</p>\n<p>Note that redeemmenow has no access to or control over these cookies that are used by third-party advertisers.</p>\n<h2>Third Party Privacy Policies</h2>\n<p>redeemmenow's Privacy Policy does not apply to other advertisers or websites. Thus, we are advising you to consult the respective Privacy Policies of these third-party ad servers for more detailed information. It may include their practices and instructions about how to opt-out of certain options.</p>\n<p>You can choose to disable cookies through your individual browser options. To know more detailed information about cookie management with specific web browsers, it can be found at the browsers' respective websites.</p>\n<h2>CCPA Privacy Rights (Do Not Sell My Personal Information)</h2>\n<p>Under the CCPA, among other rights, California consumers have the right to:</p>\n<p>Request that a business that collects a consumer's personal data disclose the categories and specific pieces of personal data that a business has collected about consumers.</p>\n<p>Request that a business delete any personal data about the consumer that a business has collected.</p>\n<p>Request that a business that sells a consumer's personal data, not sell the consumer's personal data.</p>\n<p>If you make a request, we have one month to respond to you. If you would like to exercise any of these rights, please contact us.</p>\n<h2>GDPR Data Protection Rights</h2>\n<p>We would like to make sure you are fully aware of all of your data protection rights. Every user is entitled to the following:</p>\n<p>The right to access &ndash; You have the right to request copies of your personal data. We may charge you a small fee for this service.</p>\n<p>The right to rectification &ndash; You have the right to request that we correct any information you believe is inaccurate. You also have the right to request that we complete the information you believe is incomplete.</p>\n<p>The right to erasure &ndash; You have the right to request that we erase your personal data, under certain conditions.</p>\n<p>The right to restrict processing &ndash; You have the right to request that we restrict the processing of your personal data, under certain conditions.</p>\n<p>The right to object to processing &ndash; You have the right to object to our processing of your personal data, under certain conditions.</p>\n<p>The right to data portability &ndash; You have the right to request that we transfer the data that we have collected to another organization, or directly to you, under certain conditions.</p>\n<p>If you make a request, we have one month to respond to you. If you would like to exercise any of these rights, please contact us.</p>\n<h2>Children's Information</h2>\n<p>Another part of our priority is adding protection for children while using the internet. We encourage parents and guardians to observe, participate in, and/or monitor and guide their online activity.</p>\n<p>redeemmenow does not knowingly collect any Personal Identifiable Information from children under the age of 13. If you think that your child provided this kind of information on our website, we strongly encourage you to contact us immediately and we will do our best efforts to promptly remove such information from our records.</p>",
            "image": null,
            "description2": null,
            "seo_title": "PRIVACY & POLICY",
            "seo_description": null,
            "slug": "privacy-policy",
            "meta_key": null,
            "deleted_at": null,
            "created_at": "2023-03-29T15:00:03.000000Z",
            "updated_at": "2023-03-29T15:00:03.000000Z"
        }
    ],
    "brands": [
        {
            "id": 121,
            "name": "Diyanu",
            "description": "<p>Add African print to your closet with our selection of African clothing. All our clothes are made in the USA. Shop our African dresses, shirts &amp; more today</p>",
            "home_url": "https://www.diyanu.com/",
            "affiliate_url": "https://www.pntrac.com/t/8-12127-216522-179096?sid=vouchersify&website=353854",
            "logo": "store/Diyanu Coupon Code.png",
            "description2": "",
            "seo_title": "Diyanu Coupon Codes",
            "seo_description": "Verified Diyanu Latest Promo & Voucher Codes",
            "slug": "diyanu-coupon-code",
            "meta_key": "",
            "featured": "on",
            "popular": "on",
            "default_category": 9,
            "country": 9,
            "deleted_at": null,
            "created_at": "2023-03-21T20:09:50.000000Z",
            "updated_at": "2023-03-21T20:09:50.000000Z"
        },
        {
            "id": 122,
            "name": "S M K W",
            "description": "<p>SMKW, the largest knife store, has folding knives, fixed knives, and all types of knives for sale, from Case, Buck, SOG, Benchmade, etc.</p>",
            "home_url": "https://www.smkw.com/",
            "affiliate_url": "https://www.pntra.com/t/8-12270-216522-191104?sid=vouchersify&website=353854",
            "logo": "store/SMKW.png",
            "description2": "",
            "seo_title": "Up to 30% Off S M K W Latest Discount ",
            "seo_description": "S M K W Verified Tested Coupon Codes With Free Shipping At Your Door Step At vouchersify.com",
            "slug": "s-m-k-w-coupon-code",
            "meta_key": "",
            "featured": "on",
            "popular": "on",
            "default_category": 25,
            "country": 9,
            "deleted_at": null,
            "created_at": "2023-03-21T20:09:50.000000Z",
            "updated_at": "2023-03-21T20:09:50.000000Z"
        },
        {
            "id": 123,
            "name": "Holabird Sports",
            "description": "<p>Fuel your fitness fire with the best collection of shoes &amp; gear for running, training, tennis, squash, pickleball, &amp; beyond. We have more of what moves you.&nbsp;</p>",
            "home_url": "https://www.holabirdsports.com/",
            "affiliate_url": "https://www.pntra.com/t/8-2936-216522-29923?sid=vouchersify&website=353854",
            "logo": "store/holabird sports.png",
            "description2": "",
            "seo_title": "Holabird Sports Coupon Codes",
            "seo_description": "Verified Holabird Sports Latest Promo & Voucher Codes",
            "slug": "holabird-sports-coupon-code",
            "meta_key": "",
            "featured": "on",
            "popular": "off",
            "default_category": 27,
            "country": 9,
            "deleted_at": null,
            "created_at": "2023-03-21T20:09:50.000000Z",
            "updated_at": "2023-03-21T20:09:50.000000Z"
        },
        {
            "id": 124,
            "name": "Felina Intimates",
            "description": "<p>For more than 30 years, Felina has perfected what women want in intimate apparel, offering unique styles while ensuring affordability and a perfect fit. Felina speaks to the personal style of all women without ever compromising comfort or quality.</p>",
            "home_url": "https://www.felina.com/",
            "affiliate_url": "https://www.pjatr.com/t/8-11478-216522-154497?sid=vouchersify&website=353854",
            "logo": "store/felina-1.png",
            "description2": "",
            "seo_title": "Felina Intimates Coupon Codes",
            "seo_description": "Verified Felina Intimates Latest Promo & Voucher Codes",
            "slug": "felina-intimates-coupon-code",
            "meta_key": "",
            "featured": "on",
            "popular": "on",
            "default_category": 9,
            "country": 9,
            "deleted_at": null,
            "created_at": "2023-03-21T20:09:50.000000Z",
            "updated_at": "2023-03-21T20:09:50.000000Z"
        },
        {
            "id": 125,
            "name": "Oracle Lighting",
            "description": "<p>Oracle Lighting offers lighting products for Jeep, Ford, Chevrolet, Dodge, Toyota, and much more. Input your cars make, model, and year to view our inventory.</p>",
            "home_url": "https://www.oraclelights.com/",
            "affiliate_url": "https://www.pntrac.com/t/8-12272-216522-191118?sid=vouchersify&website=353854",
            "logo": "store/Oracle Lighting Coupons Code.png",
            "description2": "",
            "seo_title": "Oracle Lighting Coupon Codes",
            "seo_description": "Verified Oracle Lighting Latest Promo & Voucher Codes",
            "slug": "oracle-lighting-coupon-code",
            "meta_key": "",
            "featured": "on",
            "popular": "on",
            "default_category": 12,
            "country": 9,
            "deleted_at": null,
            "created_at": "2023-03-21T20:09:50.000000Z",
            "updated_at": "2023-03-21T20:09:50.000000Z"
        },
        {
            "id": 126,
            "name": "Villeroy And Boch CA",
            "description": "<p>Shop in Canada for casual dinnerware sets stylish barware quality flatware &amp; elegant home decor from Europe.</p>",
            "home_url": "https://www.villeroy-boch.ca/shop/en/home",
            "affiliate_url": "https://www.pjtra.com/t/TUJGR0ZFTEJHRktKR0dCRkxNRUhF?sid=vouchersify&website=353854",
            "logo": "store/Villeroy & Boch.PNG",
            "description2": "",
            "seo_title": "Villeroy And Boch CA Coupon Codes",
            "seo_description": "Verified Villeroy And Boch CA Latest Promo & Voucher Codes",
            "slug": "villeroy-and-boch-ca-coupon-code",
            "meta_key": "",
            "featured": "off",
            "popular": "on",
            "default_category": 25,
            "country": 11,
            "deleted_at": null,
            "created_at": "2023-03-21T20:09:50.000000Z",
            "updated_at": "2023-03-21T20:09:50.000000Z"
        },
        {
            "id": 128,
            "name": "Villeroy And Boch",
            "description": "<p>Shop online for casual and premium porcelain dinnerware sets, crystal glassware, flatware and stylish home decor from Europe. Villeroy And Boch</p>",
            "home_url": "https://www.villeroy-boch.com/shop/home",
            "affiliate_url": "https://www.pntrs.com/t/8-12054-216522-175914?sid=vouchersify&website=353854",
            "logo": "store/Villeroy & Boch.PNG",
            "description2": "",
            "seo_title": "Villeroy And Boch Coupon Codes",
            "seo_description": "Verified Villeroy And Boch Latest Promo & Voucher Codes",
            "slug": "villeroy-and-boch-coupon-code",
            "meta_key": "",
            "featured": "on",
            "popular": "on",
            "default_category": 25,
            "country": 9,
            "deleted_at": null,
            "created_at": "2023-03-21T20:09:50.000000Z",
            "updated_at": "2023-03-21T20:09:50.000000Z"
        },
        {
            "id": 129,
            "name": "Appaman",
            "description": "<p>Childrens Clothing with a unique Scandinavian perspective on Ameripop iconic imagery &amp; cutting edge apparel. Give your kid some street cred- wear Appaman</p>",
            "home_url": "https://www.appaman.com/",
            "affiliate_url": "https://www.pntrs.com/t/8-11593-216522-158324?sid=vouchersify&website=353854",
            "logo": "store/Appaman Coupon Code.png",
            "description2": "",
            "seo_title": "Appaman Coupon Codes",
            "seo_description": "Verified Appaman Latest Promo & Voucher Codes",
            "slug": "appaman-coupon-code",
            "meta_key": "",
            "featured": "on",
            "popular": "off",
            "default_category": 9,
            "country": 9,
            "deleted_at": null,
            "created_at": "2023-03-21T20:09:50.000000Z",
            "updated_at": "2023-03-21T20:09:50.000000Z"
        },
        {
            "id": 130,
            "name": "Wicked Good Cupcakes",
            "description": "<p>Wicked Good Cupcakes ships fresh homemade baked goods nationwide. Our cupcakes in jars make wonderful gifts for any occasion.</p>",
            "home_url": "https://www.wickedgoodcupcakes.com/",
            "affiliate_url": "https://www.pjatr.com/t/8-11001-216522-141300?sid=vouchersify&website=353854",
            "logo": "store/Wicked Good Cupcake Coupon Code.png",
            "description2": "",
            "seo_title": "Wicked Good Cupcakes Coupon Codes",
            "seo_description": "Verified Wicked Good Cupcakes Latest Promo & Voucher Codes",
            "slug": "wicked-good-cupcakes-coupon-code",
            "meta_key": "",
            "featured": "off",
            "popular": "on",
            "default_category": 21,
            "country": 9,
            "deleted_at": null,
            "created_at": "2023-03-21T20:09:50.000000Z",
            "updated_at": "2023-03-21T20:09:50.000000Z"
        },
        {
            "id": 131,
            "name": "Fairweather",
            "description": "<p>Discover the latest fashion trends at Fairweather. Shop our collection of womens clothing with new styles arriving weekly from womens dresses and winter jackets to tops activewear sweaters and more Shop our collection of womens dresses sweaters jackets and more online and in store in Canada at Fairweather</p>",
            "home_url": "https://www.fairweatherclothing.com/",
            "affiliate_url": "https://www.pjtra.com/t/8-12255-216522-189561?sid=vouchersify&website=353854",
            "logo": "store/Fairweather Coupon Code.png",
            "description2": "",
            "seo_title": "Fairweather Coupon Codes",
            "seo_description": "Verified Fairweather Latest Promo & Voucher Codes",
            "slug": "fairweather-coupon-code",
            "meta_key": "",
            "featured": "on",
            "popular": "off",
            "default_category": 9,
            "country": 9,
            "deleted_at": null,
            "created_at": "2023-03-21T20:09:50.000000Z",
            "updated_at": "2023-03-21T20:09:50.000000Z"
        },
        {
            "id": 132,
            "name": "Coldwater Creek",
            "description": "<p>Save And Shop At Coldwater Creek For Comfortable and Uncomplicated Women Apparel That Is Inspired By Nature. Discover Denim Vests Sweaters &amp; More</p>",
            "home_url": "https://www.coldwatercreek.com/",
            "affiliate_url": "https://www.pntrac.com/t/8-12590-216522-230341?sid=vouchersify&website=353854",
            "logo": "store/Coldwater-Creeks-Coupons.png",
            "description2": "",
            "seo_title": "Coldwater Creek Coupon Codes",
            "seo_description": "Verified Coldwater Creek Latest Promo & Voucher Codes",
            "slug": "coldwater-creek-coupon-code",
            "meta_key": "",
            "featured": "off",
            "popular": "on",
            "default_category": 9,
            "country": 9,
            "deleted_at": null,
            "created_at": "2023-03-21T20:09:50.000000Z",
            "updated_at": "2023-03-21T20:09:50.000000Z"
        },
        {
            "id": 133,
            "name": "Incipio",
            "description": "<p>Incipio is the 1 leading designer and manufacturer of award-winning mobile accessories and technology. Shop iPhone cases, iPad cases, MacBook cases, Samsung cases more today</p>",
            "home_url": "https://incipio.com/",
            "affiliate_url": "https://www.pjatr.com/t/8-11733-216522-163124?sid=vouchersify&website=353854",
            "logo": "store/Incipio.PNG",
            "description2": "",
            "seo_title": "Incipio Coupon Codes",
            "seo_description": "Verified Incipio Latest Promo & Voucher Codes",
            "slug": "incipio-coupon-code",
            "meta_key": "",
            "featured": "off",
            "popular": "off",
            "default_category": 17,
            "country": 9,
            "deleted_at": null,
            "created_at": "2023-03-21T20:09:50.000000Z",
            "updated_at": "2023-03-21T20:09:50.000000Z"
        },
        {
            "id": 134,
            "name": "Troy Bilt",
            "description": "<p>Welcome to Troy Bilt Where were Built for Life. Troy Bilt is a leading manufacturer of outdoor power And lawn care equipment, including lawn mowers, cultivators, tillers, snow blowers and more.</p>",
            "home_url": "https://www.troybilt.com/",
            "affiliate_url": "https://www.pjtra.com/t/TUJGR0dISkJHRktKR0dCRk1KTU5O?sid=vouchersify&website=353854&url=https%3A%2F%2Fwww.troybilt.com%2F",
            "logo": "store/Troy Bilt-Coupon-Codes.png",
            "description2": "",
            "seo_title": "Troy Bilt Coupon Codes",
            "seo_description": "Verified Troy Bilt Latest Promo & Voucher Codes",
            "slug": "troy-bilt-coupon-code",
            "meta_key": "",
            "featured": "off",
            "popular": "on",
            "default_category": 25,
            "country": 9,
            "deleted_at": null,
            "created_at": "2023-03-21T20:09:50.000000Z",
            "updated_at": "2023-03-21T20:09:50.000000Z"
        },
        {
            "id": 135,
            "name": "Misook",
            "description": "<p>Shine at a moments notice with designer knit jackets, dresses, tops and more from Misook All of our pieces offer easy care with machine washable fabrics.</p>",
            "home_url": "https://www.misook.com/",
            "affiliate_url": "https://www.pntra.com/t/8-12103-216522-177852?sid=vouchersify&website=353854",
            "logo": "store/Misook Coupon Code.png",
            "description2": "",
            "seo_title": "Misook Coupon Codes",
            "seo_description": "Verified Misook Latest Promo & Voucher Codes",
            "slug": "misook-coupon-code",
            "meta_key": "",
            "featured": "off",
            "popular": "off",
            "default_category": 9,
            "country": 9,
            "deleted_at": null,
            "created_at": "2023-03-21T20:09:50.000000Z",
            "updated_at": "2023-03-21T20:09:50.000000Z"
        },
        {
            "id": 136,
            "name": "Beauty Care Choices",
            "description": "<p>Largest selection of Professional Hair and Beauty Products. Free Samples, Free Shipping and Award Winning Service.</p>",
            "home_url": "https://www.beautycarechoices.com/",
            "affiliate_url": "https://www.pjtra.com/t/8-9087-216522-88687?sid=vouchersify&website=353854",
            "logo": "store/beauty-coupons.png",
            "description2": "",
            "seo_title": "Beauty Care Choices Coupon Codes",
            "seo_description": "Verified Beauty Care Choices Latest Promo & Voucher Codes",
            "slug": "beauty-care-choices-coupon-code",
            "meta_key": "",
            "featured": "off",
            "popular": "off",
            "default_category": 14,
            "country": 9,
            "deleted_at": null,
            "created_at": "2023-03-21T20:09:50.000000Z",
            "updated_at": "2023-03-21T20:09:50.000000Z"
        },
        {
            "id": 137,
            "name": "Medi UK",
            "description": "<p>Fashionable compression garments and orthopaedic supports for everyday life and sports. Free delivery and convenient online shopping by medi.</p>",
            "home_url": "https://www.mediuk.co.uk/",
            "affiliate_url": "https://www.pntrs.com/t/8-11483-216522-154713?sid=vouchersify&website=353854",
            "logo": "store/Medi UK Coupon Code.png",
            "description2": "",
            "seo_title": "Medi UK Coupon Codes",
            "seo_description": "Verified Medi UK Latest Promo & Voucher Codes",
            "slug": "medi-uk-coupon-code",
            "meta_key": "",
            "featured": "off",
            "popular": "off",
            "default_category": 9,
            "country": 10,
            "deleted_at": null,
            "created_at": "2023-03-21T20:09:50.000000Z",
            "updated_at": "2023-03-21T20:09:50.000000Z"
        },
        {
            "id": 138,
            "name": "Juno Active",
            "description": "<p>Find Plus Size Clothes In Sizes Xl To 6x. Long Lasting, High Quality Pants, Hoodies And Swimwear For Casual And Leisure.</p>",
            "home_url": "https://junoactive.com/",
            "affiliate_url": "https://www.pntrac.com/t/8-11968-216522-172100?sid=vouchersify&website=353854",
            "logo": "store/Juno Active Coupons Code.png",
            "description2": "",
            "seo_title": "Juno Active Coupon Codes",
            "seo_description": "Verified Juno Active Latest Promo & Voucher Codes",
            "slug": "juno-active-coupon-code",
            "meta_key": "",
            "featured": "on",
            "popular": "on",
            "default_category": 9,
            "country": 9,
            "deleted_at": null,
            "created_at": "2023-03-21T20:09:50.000000Z",
            "updated_at": "2023-03-21T20:09:50.000000Z"
        },
        {
            "id": 139,
            "name": "Steve Spangler Science",
            "description": "<p>Making science fun one month at a time! Hands-on science kits delivered every month. Prepare your young scientist for a future STEM-based career.</p>",
            "home_url": "https://www.stevespanglerscience.com/",
            "affiliate_url": "https://www.pntrac.com/t/8-12266-216522-190601?sid=vouchersify&website=353854",
            "logo": "store/Steve Spangler Science Coupon Code.PNG",
            "description2": "",
            "seo_title": "Steve Spangler Science Coupon Codes",
            "seo_description": "Verified Steve Spangler Science Latest Promo & Voucher Codes",
            "slug": "steve-spangler-science-coupon-code",
            "meta_key": "",
            "featured": "off",
            "popular": "on",
            "default_category": 28,
            "country": 9,
            "deleted_at": null,
            "created_at": "2023-03-21T20:09:50.000000Z",
            "updated_at": "2023-03-21T20:09:50.000000Z"
        },
        {
            "id": 140,
            "name": "Coffee Bean And Tea Leaf",
            "description": "<p>Coffee Bean And Tea Leaf Coupon codes are the most ideal approach to spare at vouchersify.com that brings the most recent and working Coupon codes and markdown advancements to enable you to spare some cash. Simply click on SHOW CODE catch on underneath offers to utilize Coffee Bean &amp; Tea Leaf Coupons</p>",
            "home_url": "https://www.coffeebean.com/",
            "affiliate_url": "https://www.pjtra.com/t/8-11138-216522-145574?sid=vouchersify&website=353854",
            "logo": "store/Coffee Beans.PNG",
            "description2": "",
            "seo_title": "Verified Coffee Bean And Tea Leaf Coupons And Promo Codes",
            "seo_description": "(Verified ) & Top Tested Coffee Bean And Tea Leaf Coupons Code And Top Promos with Free Shipping",
            "slug": "coffee-bean-and-tea-leaf-coupon-code",
            "meta_key": "",
            "featured": "off",
            "popular": "off",
            "default_category": 21,
            "country": 9,
            "deleted_at": null,
            "created_at": "2023-03-21T20:09:50.000000Z",
            "updated_at": "2023-03-21T20:09:50.000000Z"
        },
        {
            "id": 141,
            "name": "Electric City Roasting",
            "description": "<p>Electric City Roasting provides Fresh Specialty Coffee Beans in all varieties Our mission is to provide great coffee and make a difference</p>",
            "home_url": "https://electriccityroasting.com/",
            "affiliate_url": "https://www.pntrs.com/t/8-12584-216522-229811?sid=vouchersify&website=353854",
            "logo": "store/electric.png",
            "description2": "",
            "seo_title": "Electric City Roasting Coupon Codes",
            "seo_description": "Verified Electric City Roasting Promo Codes",
            "slug": "electric-city-roasting-coupon-code",
            "meta_key": "",
            "featured": "off",
            "popular": "off",
            "default_category": 21,
            "country": 9,
            "deleted_at": null,
            "created_at": "2023-03-21T20:09:50.000000Z",
            "updated_at": "2023-03-21T20:09:50.000000Z"
        },
        {
            "id": 142,
            "name": "Fabricville",
            "description": "<p>Fabricville is largest online fabric store Since 1970 we have offered unparalleled selection of fabric and drapery We ship across Canada</p>",
            "home_url": "https://fabricville.com/",
            "affiliate_url": "https://www.pjtra.com/t/8-12358-216522-198450?sid=vouchersify&website=353854",
            "logo": "store/fabricville.com..jpg",
            "description2": "",
            "seo_title": "Fabricville Coupon Codes",
            "seo_description": "Verified Fabricville Promo Codes",
            "slug": "fabricville-coupon-code",
            "meta_key": "",
            "featured": "off",
            "popular": "off",
            "default_category": 9,
            "country": 11,
            "deleted_at": null,
            "created_at": "2023-03-21T20:09:50.000000Z",
            "updated_at": "2023-03-21T20:09:50.000000Z"
        },
        {
            "id": 143,
            "name": "JINX.",
            "description": "<p>JINX is a clothing brand heavily influenced by gaming and geeky interests. You are required to visit if you are into gadgets, gaming, computers, robots (really big ones), ninjas, eskimos, stuff with blinking lights, and/or pretty much anything technical. We ingest a healthy dose of all these things on a daily basis</p>",
            "home_url": "https://www.jinx.com/",
            "affiliate_url": "https://www.pntra.com/t/8-10142-216522-121111?sid=vouchersify&website=353854&url=https%3A%2F%2Fwww.jinx.com%2F",
            "logo": "store/jinx.jpg",
            "description2": "",
            "seo_title": "JINX. Coupon Codes",
            "seo_description": "Verified JINX Promo Codes",
            "slug": "jinx.-coupon-code",
            "meta_key": "",
            "featured": "off",
            "popular": "off",
            "default_category": 9,
            "country": 9,
            "deleted_at": null,
            "created_at": "2023-03-21T20:09:50.000000Z",
            "updated_at": "2023-03-21T20:09:50.000000Z"
        },
        {
            "id": 144,
            "name": "Learning Resources",
            "description": "<p>Learning Resources has a variety of hands-on educational toys for kids of all ages. Have fun while your child develops their motor and social skills</p>",
            "home_url": "https://www.learningresources.com/",
            "affiliate_url": "https://www.pjatr.com/t/8-10961-216522-141035?sid=vouchersify&website=353854",
            "logo": "store/Learning Resources Coupon Code Logo.PNG",
            "description2": "",
            "seo_title": "Learning Resources Coupon Codes",
            "seo_description": "Latest Learning Resources Promo Codes",
            "slug": "learning-resources-coupon-code",
            "meta_key": "",
            "featured": "on",
            "popular": "off",
            "default_category": 18,
            "country": 9,
            "deleted_at": null,
            "created_at": "2023-03-21T20:09:50.000000Z",
            "updated_at": "2023-03-21T20:09:50.000000Z"
        },
        {
            "id": 145,
            "name": "Lysse",
            "description": "<p>Modern Lifestyle Collection Guided by Fabric. Fit. Fashion</p>",
            "home_url": "https://www.lysse.com/",
            "affiliate_url": "https://www.pjatr.com/t/8-10961-216522-141035?sid=vouchersify&website=353854",
            "logo": "store/lysse-192x115.png",
            "description2": "",
            "seo_title": "Lysse Coupon Codes",
            "seo_description": "Latest Lysse Promo Codes",
            "slug": "lysse-coupon-code",
            "meta_key": "",
            "featured": "off",
            "popular": "on",
            "default_category": 9,
            "country": 9,
            "deleted_at": null,
            "created_at": "2023-03-21T20:09:50.000000Z",
            "updated_at": "2023-03-21T20:09:50.000000Z"
        },
        {
            "id": 146,
            "name": "Jonathan Adler",
            "description": "<p>Jonathan Adler UK Modern home decor, accessories and gifts feature chic, iconic designs. Decorate your home with luxurious pottery, pillows, cushions, lighting and mid-century modern furniture.</p>",
            "home_url": "https://uk.jonathanadler.com/",
            "affiliate_url": "https://www.pjtra.com/t/TUJGR0tFSkJHRktKR0dCR0hISEpH?sid=vouchersify&website=353854",
            "logo": "store/jonathan.png",
            "description2": "",
            "seo_title": "Jonathan Adler New And Latest Verified Coupon Codes",
            "seo_description": "100% Verified Latest And Biggest Jonathan Adler Coupons, Promo Codes And Deals For 2021\r\n",
            "slug": "jonathan-adler-coupon-code",
            "meta_key": "Bed, Bath, Decor, Home, Furniture, Pottery, Clothes, Baby, Gifts, Sale, Gifts, Pillows, Sheets, Duvets, Glassware ",
            "featured": "on",
            "popular": "on",
            "default_category": 25,
            "country": 10,
            "deleted_at": null,
            "created_at": "2023-03-21T20:09:50.000000Z",
            "updated_at": "2023-03-21T20:09:50.000000Z"
        },
        {
            "id": 148,
            "name": "Lehmans",
            "description": "<p>Family owned and operated since 1955, Lehmans has provided creative solutions to people trying to live a simpler life. &nbsp;So what does living a simpler life mean &nbsp;Whether you want to grow and preserve your own food, live a healthier life thanks to natural products and ingredients, embrace self reliance by living off the grid, prepare your family for a power outage or other emergency, or simply want to do it yourself at home, we have thousands of products that will help you get the job done right.</p>",
            "home_url": "https://www.lehmans.com/",
            "affiliate_url": "https://www.pjatr.com/t/8-11653-216522-160434?sid=vouchersify&website=353854&url=https%3A%2F%2Fwww.lehmans.com%2F",
            "logo": "store/Lehman's Coupon Code.png",
            "description2": "",
            "seo_title": "Lehmans New And Latest Verified Coupon Codes",
            "seo_description": "100% Verified Latest And Biggest Lehmans Coupons, Promo Codes And Deals For 2021\r\n",
            "slug": "lehmans-coupon-code",
            "meta_key": "",
            "featured": "on",
            "popular": "on",
            "default_category": 25,
            "country": 9,
            "deleted_at": null,
            "created_at": "2023-03-21T20:09:50.000000Z",
            "updated_at": "2023-03-21T20:09:50.000000Z"
        },
        {
            "id": 149,
            "name": "No Jeans",
            "description": "<p>Born in the ???80s; revived for the sophisticated, uncomplicated women and men of today. Free shipping and returns!</p>",
            "home_url": "https://nojeans.co/",
            "affiliate_url": "https://www.pjtra.com/t/8-12479-216522-217141?sid=vouchersify&website=353854&url=https%3A%2F%2Fnojeans.co%2F",
            "logo": "store/no jeans.png",
            "description2": "",
            "seo_title": "No Jeans New And Latest Verified Coupon Codes",
            "seo_description": "100% Verified Latest And Biggest No Jeans Coupons, Promo Codes And Deals For 2021\r\n",
            "slug": "no-jeans-coupon-code",
            "meta_key": "",
            "featured": "on",
            "popular": "on",
            "default_category": 9,
            "country": 9,
            "deleted_at": null,
            "created_at": "2023-03-21T20:09:50.000000Z",
            "updated_at": "2023-03-21T20:09:50.000000Z"
        },
        {
            "id": 150,
            "name": "Kenneth Jay Lane",
            "description": "<p>Kenneth Jay Lane Coupon codes are the most ideal approach to spare at vouchersify.com that brings the most recent and working Coupon codes and markdown advancements to enable you to spare some cash. Simply click on SHOW CODE catch on underneath offers to utilize Kenneth Jay Lane Coupons</p>",
            "home_url": "https://kennethjaylane.com/",
            "affiliate_url": "https://www.pntrs.com/t/8-12034-216522-174924?sid=vouchersify&website=353854&url=https%3A%2F%2Fkennethjaylane.com%2F",
            "logo": "store/kenneth.png",
            "description2": "",
            "seo_title": "Kenneth Jay Lane New And Latest Verified Coupon Codes",
            "seo_description": "100% Verified Latest And Biggest Kenneth Jay Lane Coupons, Promo Codes And Deals For 2021",
            "slug": "kenneth-jay-lane-coupon-code",
            "meta_key": "",
            "featured": "on",
            "popular": "on",
            "default_category": 9,
            "country": 9,
            "deleted_at": null,
            "created_at": "2023-03-21T20:09:50.000000Z",
            "updated_at": "2023-03-21T20:09:50.000000Z"
        },
        {
            "id": 151,
            "name": "HIS ROOM",
            "description": "<p>Free Shipping! His Room Is Your Complete Source For Boxers, Briefs, Thongs, Boxer Briefs, T-Shirts, Swimwear, Sleepwear, Socks And Other Underwear For Men.</p>",
            "home_url": "https://www.hisroom.com/",
            "affiliate_url": "https://www.pntrs.com/t/TUJGRkVNTkJHRktKR0dCRklJSEZM?sid=vouchersify&website=353854&url=https%3A%2F%2Fwww.hisroom.com%2F",
            "logo": "store/His Room Coupon Code.png",
            "description2": "",
            "seo_title": "HIS ROOM New And Latest Verified Coupon Codes",
            "seo_description": "100% Verified Latest And Biggest HIS ROOM Coupons, Promo Codes And Deals For 2021",
            "slug": "his-room-coupon-code",
            "meta_key": "",
            "featured": "on",
            "popular": "on",
            "default_category": 9,
            "country": 9,
            "deleted_at": null,
            "created_at": "2023-03-21T20:09:50.000000Z",
            "updated_at": "2023-03-21T20:09:50.000000Z"
        },
        {
            "id": 153,
            "name": "MLTD.com",
            "description": "<p>MLTD Inc - Online Store For Streetwear Including The Hundreds, Diamond Supply Co, Stussy, Undftd, Obey, 10 Deep, Play Cloths, Huf, Rebel8, Crooks &amp; Castles, Mishka, Penfield, Freshjive, Clae, Supra And More. Feat Carhartt, Polo, BBC, Icecream, Birkenstock, New Balance, Chinatown Market, Huf, Only NY, Crocs, Polar Skate, Ripndip, Ben Davis, Vans, Teva, Supreme, Obey</p>",
            "home_url": "https://www.mltd.com/",
            "affiliate_url": "https://www.pntra.com/t/8-12629-216522-237543?sid=vouchersify&website=353854&url=https%3A%2F%2Fwww.mltd.com%2F",
            "logo": "store/MLTD.com Coupon Code.PNG",
            "description2": "",
            "seo_title": "  MLTD.com New And Latest Verified Coupon Codes",
            "seo_description": "100% Verified Latest And Biggest MLTD.com Coupons, Promo Codes And Deals For 2021\r\n",
            "slug": "mltd.com-coupon-code",
            "meta_key": "",
            "featured": "on",
            "popular": "on",
            "default_category": 9,
            "country": 9,
            "deleted_at": null,
            "created_at": "2023-03-21T20:09:50.000000Z",
            "updated_at": "2023-03-21T20:09:50.000000Z"
        }
    ],
    "url": "https://creativeitsols.com/system/public/sites"
}