{"color":{"primary":"#0084bc","secondary":"#ff870b"},"logo":{"footer":"footer1681465520svJ8bixCZApOc5zP8NWuUspDZnYeVB86VhUM7ztB.png","header":"header1681465520o8V0wzhHN87TbSPWwprQHzJrOfERkKQ2fSmxOyIu.png","favicon":"favicon1681479920287009.png"},"Style":2,"siteTitle":"Discountss co","meta":{"title":"Latest & Verified Coupons & Promo Codes","description":"Search. Get Code. Big Discount. Always Sale. The Best Price. Paste Code at Checkout. Almost 5000+ Stores. Redeem Code Online","keywords":"coupons,deal"},"header":{"background":"#637d24","color":"#000000","button_color":"white","button_background":"#de1e26","button_text":"Valentine Day","button_url":"#"},"footer":{"background":"#24467d","color":"white"},"category":[{"id":9,"name":"Clothing/Apparel","description":"Clothing/Apparel Coupon Codes, Discount Codes & Free Shipping Coupons, Don't Pay Extra, Save More With couponive.com Your Discount Partner","parent_category":1,"seo_title":"Clothing/Apparel Coupon Codes","seo_description":"Clothing/Apparel Coupon Codes, Discount Codes & Free Shipping Coupons, Don't Pay Extra, Save More With couponive.com, Your Discount Partner","meta_key":"","slug":"clothing-apparel","deleted_at":null,"created_at":null,"updated_at":null},{"id":10,"name":"Arts & Entertainment","description":"Arts & Entertainment Coupon Codes, Discount Codes & Free Shipping Coupons, Don't Pay Extra, Save More With couponive.com Your Discount Partner","parent_category":1,"seo_title":"Arts & Entertainment","seo_description":"","meta_key":"","slug":"arts-&-entertainment","deleted_at":null,"created_at":null,"updated_at":null},{"id":12,"name":"Automotive","description":"Automotive Coupon Codes, Discount Codes & Free Shipping Coupons, Don't Pay Extra, Save More With couponive.com Your Discount Partner</p>","parent_category":1,"seo_title":"Automotive Coupon Codes, Discount Codes & Free Shipping Coupons, Don't Pay Extra, Save More With couponive.com, Your Discount Partner","seo_description":"","meta_key":"","slug":"automotive","deleted_at":null,"created_at":null,"updated_at":null},{"id":13,"name":"Baby & Nursery","description":"Baby & Nursery Coupon Codes, Discount Codes & Free Shipping Coupons, Don't Pay Extra, Save More With couponive.com Your Discount Partner","parent_category":1,"seo_title":"Baby & Nursery Coupon Codes, Discount Codes & Free Shipping Coupons, Don't Pay Extra, Save More With couponive.com Your Discount Partner","seo_description":"Baby & Nursery Coupon Codes, Discount Codes & Free Shipping Coupons, Don't Pay Extra, Save More With couponive.com Your Discount Partner","meta_key":"","slug":"baby-and-nursery","deleted_at":null,"created_at":null,"updated_at":null},{"id":14,"name":"Health","description":"Latest And Top Beauty Coupon Codes, Discount Codes & Free Shipping Coupons, Don't Pay Extra, Save More With couponive.com Your Discount Partner","parent_category":1,"seo_title":"Health & Beauty Coupon Codes, Discount Codes & Free Shipping Coupons","seo_description":"","meta_key":"","slug":"health","deleted_at":null,"created_at":null,"updated_at":null},{"id":15,"name":"Books/Music/Videos","description":"Books, Music & Video Coupon Codes, Discount Codes & Free Shipping Coupons, Don't Pay Extra, Save More With couponive.com Your Discount Partner","parent_category":1,"seo_title":"Books, Music & Video Coupon Codes, Discount Codes & Free Shipping Coupons","seo_description":"","meta_key":"","slug":"books-music-videos","deleted_at":null,"created_at":null,"updated_at":null},{"id":16,"name":"Business","description":"Business Coupon Codes, Discount Codes & Free Shipping Coupons, Don't Pay Extra, Save More With couponive.com Your Discount Partner</p>","parent_category":1,"seo_title":"Business Coupon Codes, Discount Codes & Free Shipping Coupons","seo_description":"","meta_key":"","slug":"business","deleted_at":null,"created_at":null,"updated_at":null},{"id":17,"name":"Computers & Software","description":"Computers & Software Coupon Codes, Discount Codes & Free Shipping Coupons, Don't Pay Extra, Save More With couponive.com Your Discount Partner","parent_category":1,"seo_title":"Computers And Software Coupon Codes, Discount Codes & Free Shipping Coupons","seo_description":"","meta_key":"","slug":"computers-and-software","deleted_at":null,"created_at":null,"updated_at":null},{"id":18,"name":"Education & Training","description":"Education & Training Coupon Codes, Discount Codes & Free Shipping Coupons, Don't Pay Extra, Save More With couponive.com Your Discount Partner","parent_category":1,"seo_title":"Education & Training Coupon Codes, Discount Codes & Free Shipping Coupons","seo_description":"","meta_key":"","slug":"education-and-training","deleted_at":null,"created_at":null,"updated_at":null},{"id":19,"name":"Electronics","description":"Electronics Coupon Codes, Discount Codes & Free Shipping Coupons, Don't Pay Extra, Save More With couponive.com Your Discount Partner","parent_category":1,"seo_title":"Electronics Coupon Codes, Discount Codes & Free Shipping Coupons","seo_description":"","meta_key":"","slug":"electronics-coupon-code","deleted_at":null,"created_at":null,"updated_at":null},{"id":20,"name":"Gift & Flowers","description":"Gift & Flowers Coupon Codes, Discount Codes & Free Shipping Coupons, Don't Pay Extra, Save More With couponive.com Your Discount Partner","parent_category":1,"seo_title":"Gift & Flowers Coupon Codes, Discount Codes & Free Shipping Coupons","seo_description":"","meta_key":"","slug":"gift-&-flowers","deleted_at":null,"created_at":null,"updated_at":null},{"id":21,"name":"Food And Drinks","description":"New Coupon Codes, Discount Codes & Free Shipping Coupons, Don't Pay Extra, Save More With couponive.com Your Discount Partner","parent_category":1,"seo_title":"Coupon Codes, Discount Codes & Free Shipping Coupons","seo_description":"","meta_key":"","slug":"food-and-drinks","deleted_at":null,"created_at":null,"updated_at":null},{"id":22,"name":"Freebies & Giveaways","description":"Freebies & Giveaways Coupon Codes, Discount Codes & Free Shipping Coupons, Don't Pay Extra, Save More With couponive.com, Your Discount Partner","parent_category":1,"seo_title":"Freebies & Giveaways Coupon Codes, Discount Codes & Free Shipping Coupons","seo_description":"","meta_key":"","slug":"freebies-and-giveaways","deleted_at":null,"created_at":null,"updated_at":null},{"id":23,"name":"Beauty","description":"Beauty Coupon Codes, Discount Codes & Free Shipping Coupons, Don't Pay Extra, Save More With couponive.com Your Discount Partner","parent_category":1,"seo_title":"Beauty Coupon Codes, Discount Codes & Free Shipping Coupons","seo_description":"","meta_key":"","slug":"beauty","deleted_at":null,"created_at":null,"updated_at":null},{"id":24,"name":"Health & Beauty","description":"couponive.com brings hundreds of free coupon codes and promo code of all health related product so shop now and get you savings","parent_category":1,"seo_title":" Health & Beauty Coupon Codes, Discount Codes & Free Shipping Coupons","seo_description":"","meta_key":"","slug":"health-and-beauty","deleted_at":null,"created_at":null,"updated_at":null}],"season":[{"id":12,"name":"4th of July","slug":"4th-of-july","deleted_at":null,"created_at":null,"updated_at":null},{"id":13,"name":"Back to School","slug":"back-to-school","deleted_at":null,"created_at":null,"updated_at":null},{"id":14,"name":"Black Friday","slug":"black-friday","deleted_at":null,"created_at":null,"updated_at":null},{"id":15,"name":"Christmas","slug":"christmas-coupon-code","deleted_at":null,"created_at":null,"updated_at":null},{"id":18,"name":"Easter","slug":"easter","deleted_at":null,"created_at":null,"updated_at":null},{"id":19,"name":"Fall Fashion","slug":"fall-fashion","deleted_at":null,"created_at":null,"updated_at":null},{"id":21,"name":"Fathers Day","slug":"fathers-day","deleted_at":null,"created_at":null,"updated_at":null},{"id":22,"name":"Graduation","slug":"graduation","deleted_at":null,"created_at":null,"updated_at":null},{"id":23,"name":"Halloween","slug":"halloween","deleted_at":null,"created_at":null,"updated_at":null},{"id":24,"name":"Labor Day","slug":"labor-day","deleted_at":null,"created_at":null,"updated_at":null}],"country":[{"id":9,"name":"United States","slug":"united-states","deleted_at":null,"created_at":null,"updated_at":null},{"id":10,"name":"United Kingdom","slug":"united-kingdom","deleted_at":null,"created_at":null,"updated_at":null},{"id":11,"name":"Canada","slug":"canada","deleted_at":null,"created_at":null,"updated_at":null},{"id":12,"name":"Spain","slug":"spain","deleted_at":null,"created_at":null,"updated_at":null},{"id":14,"name":"Germany","slug":"germany","deleted_at":null,"created_at":null,"updated_at":null},{"id":21,"name":"China","slug":"china","deleted_at":null,"created_at":null,"updated_at":null},{"id":22,"name":"Australia","slug":"australia","deleted_at":null,"created_at":null,"updated_at":null}],"type":[{"id":1,"name":"Coupon Code","slug":"coupon-code","seo_title":"Coupon Code","seo_description":"Coupon Code","meta_key":"Coupon Code","deleted_at":null,"created_at":null,"updated_at":null},{"id":2,"name":"Free Shipping","slug":"free-shipping","seo_title":"Free Shipping","seo_description":"Free Shipping","meta_key":"Free Shipping","deleted_at":null,"created_at":null,"updated_at":null},{"id":3,"name":"Discount","slug":"discount","seo_title":"Discount","seo_description":"Discount","meta_key":"Discount","deleted_at":null,"created_at":null,"updated_at":null},{"id":11,"name":"Free Gift","slug":"free-gift","seo_title":"Free Gift Coupon","seo_description":"","meta_key":"Free Gift Coupon","deleted_at":null,"created_at":null,"updated_at":null}],"pages":[],"brands":[{"id":2,"name":"Grill Rescue","description":"<p>Simply The Best Tool To Clean Your Grill. No More Worrying About Metal Bristles Getting Stuck In Your Food.</p>","home_url":"https://grillrescue.com","affiliate_url":"https://shareasale.com/r.cfm?b=1980923&u=2847762&m=122999&urllink=&afftrack=","logo":"store/grill rescue 1.PNG","description2":"","seo_title":"Upto 50% Off Grill Rescue Latest Discount ","seo_description":"Grill Rescue Verified Coupon Codes With Free Shipping At discountss.co\r\n","slug":"grill-rescue-coupon-code","meta_key":"\tGrill Rescue Coupon Code,\tGrill Rescue Promo Code,\tGrill Rescue Discount Code,\t \tGrill Rescue Coupons Code,\tGrill Rescue Promos Code,\tGrill Rescue Discounts Code,\t \tGrill Rescue Coupons Codes,\tGrill Rescue Promos Codes,\tGrill Rescue Discounts Codes,\t \tGr","featured":"on","popular":"on","default_category":21,"country":9,"deleted_at":null,"created_at":"2023-04-14T15:01:22.000000Z","updated_at":"2023-04-14T15:01:22.000000Z"},{"id":11,"name":"HYLUNIA","description":"<p>Hylunia Is A Certified Vegan &amp; Cruelty-Free Skincare Line Formulated To Keep You Looking Younger Than Your Age. Hylunia Products Go Beyond Organic And Slow Down The Progression Of Skin Aging By Preventing And Minimizing Skin Inflammation, The Root Cause Of Premature Aging. Hylunia Has Been The Vegan Hyaluronic Acid Based Skincare Since 1988.</p>","home_url":"https://www.hylunia.com/","affiliate_url":"https://shareasale.com/r.cfm?b=1514786&u=2847762&m=95929&urllink=www%2Ehylunia%2Ecom&afftrack=","logo":"store/HYLUNIA-Coupon Codes.jpg","description2":"","seo_title":"Verified And Latest HYLUNIA Coupon Codes & Promo Deal Added.","seo_description":"Latest And Biggest New Month HYLUNIA Coupon Codes and HYLUNIA Promotional Sale With Free Shipping At discountss.co","slug":"hylunia-coupon-code","meta_key":"HYLUNIA Coupon Codes HYLUNIA Promo Codes HYLUNIADiscount Codes HYLUNIA Sale Coupon HYLUNIA Voucher Codes, HYLUNIA Deal Codes, Discountss Coupon Codes","featured":"off","popular":"off","default_category":23,"country":9,"deleted_at":null,"created_at":"2023-04-14T15:01:22.000000Z","updated_at":"2023-04-14T15:01:22.000000Z"},{"id":12,"name":"SBLA.Com","description":"<p>Where Science Meets Beauty. Creators Of The Revolutionary, Scientifically Proven Neck, Chin &amp; Jawline Sculpting Wands</p>","home_url":"https://sbla.com/","affiliate_url":"https://shareasale.com/r.cfm?b=1353137&u=2847762&m=88626&urllink=spencerbarnesla%2Ecom&afftrack=","logo":"store/sbla.PNG","description2":"","seo_title":"Verified And Latest SBLA Coupon Codes & Promo Deal Added.","seo_description":"Discountss Latest And Biggest New Monthly SBLA Coupon Codes and SBLA Promotional Sale With Free Shipping At discountss.co\r\n","slug":"sbla.com-coupon-code","meta_key":"SBLA Coupon Codes, SBLA Promo Codes, SBLA Discount Codes, SBLA Sale Coupon, SBLA Voucher Codes, SBLA Deal Codes, Discounts Coupon Codes","featured":"off","popular":"off","default_category":23,"country":9,"deleted_at":null,"created_at":"2023-04-14T15:01:22.000000Z","updated_at":"2023-04-14T15:01:22.000000Z"},{"id":13,"name":"Spimbey","description":"<p>Made By Caring Parents For Caring Parents And Their Children. Stylish Outdoor Playsets, Wooden Playhouse With Slide And Climbing Frames.</p>","home_url":"https://spimbey.com/","affiliate_url":"https://shareasale.com/r.cfm?b=1891814&u=2847762&m=118175&urllink=&afftrack=","logo":"store/spiumba 2.PNG","description2":"","seo_title":"Verified And Latest SPIMBEY Coupon Codes & Promo Deal Added","seo_description":"New SPIMBEY Coupon Codes And Promotional Deals with Free Delivery At discountss.co Most Verified SPIMBEY Promo Codes Added Today","slug":"spimbey-coupon-code","meta_key":"Spimbey Coupon Code,\tSpimbey Promo Code,\tSpimbey Discount Code, Spimbey Coupons Code,\tSpimbey Promos Code,\tSpimbey Discounts Code, Spimbey Coupons Codes,\tSpimbey Promos Codes,\tSpimbey Discounts Codes, Spimbey Coupons,\tSpimbey Promos,\tSpimbey Discounts, Sp","featured":"off","popular":"off","default_category":25,"country":9,"deleted_at":null,"created_at":"2023-04-14T15:01:22.000000Z","updated_at":"2023-04-14T15:01:22.000000Z"},{"id":14,"name":"Final Draft","description":"<p>Final Draft is the choice screenwriting software of studios and production companies worldwide. Streamlined screenwriting and editing while collaborating. Try Final Draft 12 Today.</p>","home_url":"www.finaldraft.com","affiliate_url":"https://shareasale.com/r.cfm?b=1276031&u=2847762&m=84159&urllink=www%2Efinaldraft%2Ecom&afftrack=","logo":"store/final draft.PNG","description2":"","seo_title":"Verified And Latest Final Draft Coupon Codes & Promo Deal Added.","seo_description":"Discountss Latest And Biggest New Month Final Draft Coupon Codes and Final Draft Promotional Sale With Free Shipping At Discountss.co","slug":"final-draft-coupon-code","meta_key":"Final Draft Coupon Codes Final Draft Promo Codes Final Draft Discount Codes Final Draft Sale Coupon,Final Draft Voucher Codes, Woosir Deal Codes, Discountss Coupon Codes","featured":"off","popular":"off","default_category":17,"country":9,"deleted_at":null,"created_at":"2023-04-14T15:01:22.000000Z","updated_at":"2023-04-14T15:01:22.000000Z"},{"id":16,"name":"Bloom Chic","description":"<p>BloomChic I Shop Trendy Plus Size Clothing at BloomChic I Thousands of Styles of Dresses, Tops, Pants and More Dropped Monthly. Fit For You Sizes 10 - 30. Hassle - Free, Easy Returns.</p>","home_url":"https://bloomchic.com/","affiliate_url":"https://shareasale.com/r.cfm?b=1717219&u=2847762&m=106900&urllink=bloomchic%2Ecom%2F&afftrack=","logo":"store/bloomchick1.PNG","description2":"","seo_title":"Verified And Latest Bloom Chic Coupon Codes & Promo Deal Added.","seo_description":"Discountss Latest And Biggest New Month Bloom Chic Coupon Codes and Bloom Chic Promotional Sale With Free Shipping At discountss.co","slug":"bloom-chic-coupon-code","meta_key":"Bloom Chic Coupon Codes, Bloom Chic Promo Codes, Bloom Chic Discount Codes, Bloom Chic Sale Coupon, Bloom Chic Voucher Codes, Bloom Chic Deal Codes, Discountss Coupon Codes","featured":"off","popular":"off","default_category":43,"country":9,"deleted_at":null,"created_at":"2023-04-14T15:01:22.000000Z","updated_at":"2023-04-14T15:01:22.000000Z"},{"id":18,"name":"LEFEET","description":"<p>LEFEET S1 Is The World's Most Compact Water Scooter With Full Modular Upgrades. LEFEET Is An Innovative Science And Technology Company With Proven Technical Expertise And, With Its Modular Design, LEFEET S1 Is Rated As The BEST Underwater Scooter In 2020.</p>","home_url":"www.lefeet.com","affiliate_url":"https://www.shareasale.com/r.cfm?b=1501553&u=2847762&m=95314","logo":"store/lefeet.PNG","description2":"","seo_title":"Verified And Latest LEFEET Coupon Codes & Promo Deal Added.","seo_description":"Biggest LEFEET Coupon Codes Of This Month At discountss Subscribe To Newsletter At discountss.co","slug":"lefeet-coupon-code","meta_key":"LEFEETCoupon Codes, LEFEET Promo Codes, LEFEET Discount Codes, LEFEET Sale Coupon, LEFEET Voucher Codes, LEFEET Deal Codes,Discountss Coupon Codes,","featured":"off","popular":"off","default_category":19,"country":9,"deleted_at":null,"created_at":"2023-04-14T15:01:22.000000Z","updated_at":"2023-04-14T15:01:22.000000Z"},{"id":19,"name":"Unicorn Brand","description":"<p>Buy Unicorn Brand Delta 8 Products Online. Southern Oregon grown Delta 8 flower, Delta 8 pre-rolls and Delta 8 moon rocks</p>","home_url":"https://smokeunicorn.com/","affiliate_url":"https://shareasale.com/r.cfm?b=1863678&u=2847762&m=116329&urllink=&afftrack=","logo":"store/Unicorn Brand - Coupon Codes.jpg","description2":"","seo_title":"Verified And Latest UNICORN BRAND Coupon Codes & Promo Deal Added","seo_description":"New UNICORN BRAND Coupon Codes And Promotional Deals with Free Delivery At discountss.co Most Verified UNICORN BRAND Promo Codes Added Today","slug":"unicorn-brand-coupon-code","meta_key":"UNICORN BRAND Coupon Codes, UNICORN BRAND Promo Codes, UNICORN BRAND Discount Codes, UNICORN BRAND Sale Coupon, UNICORN BRAND Voucher Codes, UNICORN BRAND Deal Codes,Discountss Coupon Codes","featured":"off","popular":"off","default_category":25,"country":9,"deleted_at":null,"created_at":"2023-04-14T15:01:22.000000Z","updated_at":"2023-04-14T15:01:22.000000Z"},{"id":20,"name":"Helen Jon","description":"<p>Reversible Sliding Triangle Bikini Top,Retreat Banded Triangle Bikini Top , Racerback High Neck Tankini Top , Relaxed Long Sleeve Rash Guard.</p>","home_url":"https://www.helenjon.com","affiliate_url":"https://shareasale.com/r.cfm?b=1066017&u=2847762&m=74343&urllink=&afftrack=","logo":"store/helen john.PNG","description2":"","seo_title":"Verified And Latest HELEN JON Coupon Codes & Promo Deal Added","seo_description":"New HELEN JON Coupon Codes And Promotional Deals with Free Delivery At discountss.co Most Verified HELEN JON Promo Codes Added Today","slug":"helen-jon-coupon-code","meta_key":"HELEN JON Coupon Codes, HELEN JON Promo Codes, HELEN JON Discount Codes, HELEN JON Sale Coupon, HELEN JON Voucher Codes, HELEN JON Deal Codes,Discountss Coupon Codes","featured":"off","popular":"off","default_category":43,"country":9,"deleted_at":null,"created_at":"2023-04-14T15:01:22.000000Z","updated_at":"2023-04-14T15:01:22.000000Z"},{"id":21,"name":"Figue","description":"<p>Figue Collection Of Ready-To-Wear, Handbags, Shoes And Jewelry Has A Global Nomad-Meets-Jet-Set Spirit, Combining Original Prints With Layered Textures, Embroideries And Hand-Embellishment. The Result Is A Seasonless Brand That Is Equal Parts Luxurious And Bohemian.</p>","home_url":"https://www.figue.com/","affiliate_url":"https://shareasale.com/r.cfm?b=1798444&u=2847762&m=112174&urllink=Figue%2Ecom&afftrack=","logo":"store/figue.PNG","description2":"","seo_title":"Verified And Latest Figue Coupon Codes & Promo Deal Added.","seo_description":"Discountss Latest And Biggest New Month Figue Coupon Codes and Figue Promotional Sale With Free Shipping At discountss.co","slug":"figue-coupon-code","meta_key":"","featured":"off","popular":"off","default_category":43,"country":9,"deleted_at":null,"created_at":"2023-04-14T15:01:22.000000Z","updated_at":"2023-04-14T15:01:22.000000Z"},{"id":24,"name":"Vesgantti","description":"<p>An Amazing Mattress with Perfect Firmness, Delivered to Your Door. Shop Vesgantti. 0% Interest-Free Payments. Free Shipping. 10 Year Warranty. 100 Night Mattress Trial. Effortless Returns</p>","home_url":"https://vesgantti.co.uk/","affiliate_url":"https://shareasale.com/r.cfm?b=1404785&u=2847762&m=90897&urllink=vesgantti%2Eco%2Euk&afftrack=","logo":"store/vesganti.PNG","description2":"","seo_title":"Verified And Latest VESGANTTI Coupon Codes & Promo Deal Added","seo_description":"New VESGANTTI Coupon Codes And Promotional Deals with Free Delivery At discountss.co Most Verified VESGANTTI Promo Codes Added Today","slug":"vesgantti-coupon-code","meta_key":"VESGANTTI Coupon Codes, VESGANTTI Promo Codes, VESGANTTI Discount Codes, VESGANTTI Sale Coupon, VESGANTTI Voucher Codes, VESGANTTI Deal Codes, Discountss Coupon Codes","featured":"off","popular":"off","default_category":25,"country":9,"deleted_at":null,"created_at":"2023-04-14T15:01:22.000000Z","updated_at":"2023-04-14T15:01:22.000000Z"},{"id":25,"name":"ELEGOO","description":"<p>ELEGOO Specializes In The Research, Development, And Production Of The Most Quality &amp;Amp; Affordable 3D Printers, Arduino-Based STEM &amp;Amp; Robotic Kits, Making Technology Easy-To-Access For All The Makers Around The World.</p>","home_url":"https://www.elegoo.com/","affiliate_url":"https://shareasale.com/r.cfm?b=1680329&u=2847762&m=104244&urllink=www%2Eelegoo%2Ecom%2F&afftrack=","logo":"store/ELEGOO Coupon-Codes.PNG","description2":"","seo_title":"Verified And Latest ELEGOO Coupon Codes & Promo Deal Added.","seo_description":"Redeem Latest And Biggest New Month ELEGOO Coupon Codes and ELEGOO Promotional Sale With Free Shipping At discountss.co","slug":"elegoo-coupon-code","meta_key":"ELEGOO Coupon Codes, ELEGOO Promo Codes, ELEGOO Discount Codes, ELEGOO Sale Coupon, ELEGOO Voucher Codes, ELEGOO Deal Codes, Redeem Coupon Codes","featured":"off","popular":"off","default_category":19,"country":9,"deleted_at":null,"created_at":"2023-04-14T15:01:22.000000Z","updated_at":"2023-04-14T15:01:22.000000Z"},{"id":28,"name":"Rooney","description":"<p>Great selection from Comme des Garcons, Our Legacy, Nike, New Balance, Ganni, AMI, APC and more.</p>","home_url":"https://www.rooneyshop.com/","affiliate_url":"https://shareasale.com/r.cfm?b=1460052&u=2847762&m=93391&urllink=www%2Erooneyshop%2Ecom%2F&afftrack=","logo":"store/Rooney -Coupon Codes.png","description2":"","seo_title":"Verified And Latest Rooney Coupon Codes & Promo Deal Added.","seo_description":"Redeem Latest And Biggest New Month Rooney Coupon Codes and Rooney Promotional Sale With Free Shipping At discountss.co","slug":"rooney-coupon-code","meta_key":"Rooney Coupon Codes v Promo Codes Rooney Discount Codes Rooney Sale Coupon Rooney Voucher Codes, Rooney Deal Codes, Discountss Coupon Codes","featured":"off","popular":"off","default_category":43,"country":9,"deleted_at":null,"created_at":"2023-04-14T15:01:22.000000Z","updated_at":"2023-04-14T15:01:22.000000Z"},{"id":31,"name":"Joolies","description":"<p>Fresh Organic Medjool dates from our family farm in Coachella, CA. Sustainable packaging, no plastic bins &amp; super shareable! Organic medjool dates are hand-picked from our palm trees in sunny Coachella, California. Medjool dates, pitted dates, organic medjool date syrup - raw, paleo, vegan, kosher, halal, antioxidants</p>","home_url":"https://joolies.com/","affiliate_url":"https://shareasale.com/r.cfm?b=1699120&u=2847762&m=105644&urllink=&afftrack=","logo":"store/Joolies.PNG","description2":"","seo_title":"Biggest JOOLIES Coupon Codes Of This Month At discounts.co Subscribe To Newsletter At discounts.co","seo_description":"New JOOLIES Coupon Codes And Promotional Deals with Free Delivery At discountss.co Most Verified JOOLIES Promo Codes Added Today","slug":"joolies-coupon-code","meta_key":"JOOLIES Coupon Codes, JOOLIES Promo Codes, JOOLIES Discount Codes, JOOLIES Sale Coupon, JOOLIES Voucher Codes, JOOLIES Deal Codes, Discountss Coupon Codes","featured":"off","popular":"off","default_category":21,"country":9,"deleted_at":null,"created_at":"2023-04-14T15:01:22.000000Z","updated_at":"2023-04-14T15:01:22.000000Z"},{"id":33,"name":"Killer Player","description":"<p>KillerPlayer is<strong>&nbsp;a custom YouTube Video Player that removes the YouTube logo, titles, ads, recommended videos and offers 5 beautiful video player themes with unlimited color options.&nbsp;</strong>Now, you can embed YouTube videos using these themes to stand out from the crowd.</p>","home_url":"https://killerplayer.com/","affiliate_url":"https://shareasale.com/r.cfm?b=1982864&u=2847762&m=123110&urllink=killerplayer%2Ecom&afftrack=","logo":"store/killer.PNG","description2":"","seo_title":"Verified And Latest Killer Player Coupon Codes & Promo Deal Added.","seo_description":"Redeem Latest And Biggest New Month Killer Player Coupon Codes and Killer Player Promotional Sale With Free Shipping At discountss.co","slug":"killer-player-coupon-code","meta_key":"Killer Player Coupon Codes, Killer Player Promo Codes, Killer Player Discount Codes, Killer Player Sale Coupon, Killer Player Voucher Codes, Killer Player Deal Codes, Discountss Coupon Codes","featured":"off","popular":"off","default_category":15,"country":9,"deleted_at":null,"created_at":"2023-04-14T15:01:22.000000Z","updated_at":"2023-04-14T15:01:22.000000Z"},{"id":34,"name":"Magic Hour","description":"<p>Magic Hour is a Tea &nbsp;Transformation company with a mission to connect our world through tea ceremony. Club Magic Hour is a monthly wellness subscription box hosted by the world &amp; top mind-body-spirit teachers</p>","home_url":"https://clubmagichour.com/","affiliate_url":"https://shareasale.com/r.cfm?b=1854528&u=2847762&m=115638&urllink=&afftrack=","logo":"store/magic.PNG","description2":"","seo_title":"Verified And Latest Magic Hour Coupon Codes & Promo Deal Added","seo_description":"New Magic Hour Coupon Codes And Promotional Deals with Free Delivery At discountss.co Most Verified Magic Hour Promo Codes Added Today","slug":"magic-hour-coupon-code","meta_key":"Magic Hour Coupon Codes, Magic Hour Promo Codes, Magic Hour Discount Codes, Magic Hour Sale Coupon, Magic Hour Voucher Codes, Magic Hour Deal Codes, Discountss Coupon Codes","featured":"off","popular":"off","default_category":21,"country":9,"deleted_at":null,"created_at":"2023-04-14T15:01:22.000000Z","updated_at":"2023-04-14T15:01:22.000000Z"},{"id":35,"name":"Paige","description":"<p>PAIGE has evolved into a prominent fashion house offering seasonal favorites and wardrobe staples that reflect our commitment to cutting edge design and attention to every last detail</p>","home_url":"https://www.paige.com/","affiliate_url":"https://www.pjatr.com/t/8-12220-267250-183716?sid=discountss.co&website=387352&url=https%3A%2F%2Fwww.paige.com%2F","logo":"store/paige-coupon-codes.png","description2":"","seo_title":"paige Coupon Codes - discountss.co","seo_description":"Find the latest paige Promo Codes, Coupon Codes, Sale And Discount At discountss.co Check Out All Our Offers On discountss.co","slug":"paige-coupon-code","meta_key":"","featured":"on","popular":"off","default_category":9,"country":9,"deleted_at":null,"created_at":"2023-04-14T15:01:22.000000Z","updated_at":"2023-04-14T15:01:22.000000Z"},{"id":36,"name":"Relx Uk","description":"<p>Does It Feel Like You're Always Running Out Of Vape Supplies Stock Up When You Join The Relx Autoship Program. Click Here To Learn What's In Store.</p>","home_url":"https://relxnow.co.uk/","affiliate_url":"https://shareasale.com/r.cfm?b=1482493&u=2847762&m=92020&urllink=&afftrack=","logo":"store/Relx.PNG","description2":"","seo_title":"Verified And Latest RELX UK Coupon Codes & Promo Deal Added.","seo_description":"Biggest RELX UK Coupon Codes Of This Month At disocuntss.co Subscribe To Newsletter At discountss.co","slug":"relx-uk-coupon-code","meta_key":"RELX UK Coupon Codes, RELX UK Promo Codes, RELX UK Discount Codes, RELX UK Sale Coupon, RELX UK Voucher Codes, RELX UK Deal Codes, Discounts Coupon Codes,","featured":"off","popular":"off","default_category":43,"country":10,"deleted_at":null,"created_at":"2023-04-14T15:01:22.000000Z","updated_at":"2023-04-14T15:01:22.000000Z"},{"id":37,"name":"Relx US","description":"<p>Shopping For A Vaporizer Click Here To Shop RELX E-Cigarettes And Accessories. We Also Offer A Consumer Safety Program, Blog, And Customer Support</p>","home_url":"https://relxnow.com/","affiliate_url":"https://shareasale.com/r.cfm?b=1455607&u=2847762&m=92020&urllink=&afftrack=","logo":"store/Relx.PNG","description2":"","seo_title":"Verified And Latest RELX US Coupon Codes & Promo Deal Added.","seo_description":"Biggest RELX US Coupon Codes Of This Month At discountss.co Subscribe To Newsletter At discountss.co","slug":"relx-us-coupon-code","meta_key":"RELX US Coupon Codes, RELX US Promo Codes, RELX US Discount Codes, RELX US Sale Coupon, RELX US Voucher Codes, RELX US Deal Codes, discounts Coupon Codes,","featured":"off","popular":"off","default_category":43,"country":9,"deleted_at":null,"created_at":"2023-04-14T15:01:22.000000Z","updated_at":"2023-04-14T15:01:22.000000Z"},{"id":38,"name":"Thirteen Lune","description":"<p>Go Beyond Skin And Beyond Barriers With An Assortment Of Beauty Products Created By Black And Brown Founders For All Skin Colors</p>","home_url":"https://thirteenlune.com/","affiliate_url":"https://shareasale.com/r.cfm?b=1856056&u=2847762&m=115723&urllink=www%2Ethirteenlune%2Ecom&afftrack=","logo":"store/thirteen lune.PNG","description2":"","seo_title":"Verified And Latest Thirteen Lune Coupon Codes & Promo Deal Added.","seo_description":"Redeem Latest And Biggest New Month Thirteen Lune Coupon Codes and Thirteen Lune Promotional Sale With Free Shipping At discountss.co","slug":"thirteen-lune-coupon-code","meta_key":"Thirteen Lune Coupon Codes, Thirteen Lune Promo Codes, Thirteen Lune Discount Codes, Thirteen Lune Sale Coupon, Thirteen Lune Voucher Codes, Thirteen Lune Deal Codes, Discountss Coupon Codes","featured":"off","popular":"off","default_category":23,"country":9,"deleted_at":null,"created_at":"2023-04-14T15:01:22.000000Z","updated_at":"2023-04-14T15:01:22.000000Z"},{"id":40,"name":"Sayn Beauty","description":"<p>Our Devotion Is To A Mindful Balance Of Caring For Your Body, Mind And Beauty.</p>","home_url":"https://saynbeauty.com/","affiliate_url":"https://shareasale.com/r.cfm?b=1792304&u=2847762&m=111773&urllink=saynbeauty%2Ecom&afftrack=","logo":"store/sayn.PNG","description2":"","seo_title":"Verified And Latest Sayn Beauty Coupon Codes & Promo Deal Added.","seo_description":"Discountss Latest And Biggest New Month Sayn Beauty Coupon Codes and Sayn Beauty Promotional Sale With Free Shipping At discountss","slug":"sayn-beauty-coupon-code","meta_key":"Sayn Beauty Coupon Codes, Saayn Beauty Promo Codes, Sayn Beauty Discount Codes, Sayn Beauty Sale Coupon, Sayn Beauty Voucher Codes, Sayn Beauty Deal Codes, Discounts Coupon Codes","featured":"off","popular":"off","default_category":23,"country":9,"deleted_at":null,"created_at":"2023-04-14T15:01:22.000000Z","updated_at":"2023-04-14T15:01:22.000000Z"},{"id":41,"name":"Jerome Alexander","description":"<p>Are You In Need Of A Long Lasting Natural Foundation? Our Celebrity Makeup Artists Offer The Best Natural Looking Foundation For Aging Skin That Erases Any Blemishes, Age Spots And Dark Circles. Shop Foundation Makeup Kits And Other Essential Makeup Products Only On Jerome Alexander.</p>","home_url":"https://jeromealexander.com/","affiliate_url":"https://shareasale.com/r.cfm?b=1669908&u=2847762&m=103616&urllink=www%2Ejeromealexander%2Ecom&afftrack=","logo":"store/Jerome Alexander-Promo Codes.PNG","description2":"","seo_title":"Verified And Latest Jerome Alexander Coupon Codes & Promo Deal Added.","seo_description":"Discountss Latest And Biggest New Month Jerome Alexander Coupon Codes and Jerome Alexander Promotional Sale With Free Shipping At discountss.co","slug":"jerome-alexander-coupon-code","meta_key":"Jerome Alexander Coupon Codes, Jerome Alexander Promo Codes, Jerome Alexander Discount Codes, Jerome Alexander Sale Coupon, Jerome Alexander Voucher Codes, Jerome Alexander Deal Codes, Discounts Coupon Codes","featured":"off","popular":"off","default_category":23,"country":9,"deleted_at":null,"created_at":"2023-04-14T15:01:22.000000Z","updated_at":"2023-04-14T15:01:22.000000Z"},{"id":43,"name":"Velowave","description":"<p>Velowave Is A Professional Electic Bike Brand. Ship From USA. Regardless Of Your Skill Level Or Riding Style, Velowave Has The Ebike That Is Perfect For You! Electric Bike For Sale! &nbsp;Velowavebike</p>","home_url":"https://www.velowavebikes.com/","affiliate_url":"https://shareasale.com/r.cfm?b=1933710&u=2847762&m=120142&urllink=www%2Evelowavebikes%2Ecom%2F&afftrack=","logo":"store/Velowave.PNG","description2":"","seo_title":"Verified And Latest Velowave Coupon Codes & Promo Deal Added.","seo_description":"Discountss Latest And Biggest New Month Velowave Coupon Codes and Velowave Promotional Sale With Free Shipping At discountss.co","slug":"velowave-coupon-code","meta_key":"Velowave Coupon Codes Velowave Promo Codes Velowave Discount Codes Velowave Sale Coupon Velowave Voucher Codes, Velowave Deal Codes, Discounts Coupon Codes","featured":"off","popular":"off","default_category":27,"country":9,"deleted_at":null,"created_at":"2023-04-14T15:01:22.000000Z","updated_at":"2023-04-14T15:01:22.000000Z"},{"id":44,"name":"Itsjustnude","description":"<p>Keeping You Refreshed All The Time. Use anytime anywhere for the blast of freshness that awakens, re-energizes and refreshes. Kills Bad Breath Instantly. Prevents Foul Burp Odor from the Gut.</p>","home_url":"https://itsjustnude.com/","affiliate_url":"https://shareasale.com/r.cfm?b=1828898&u=2847762&m=114084&urllink=www%2Eitsjustnude%2Ecom&afftrack=","logo":"store/nude.PNG","description2":"","seo_title":"Verified And Latest Itsjustnude Coupon Codes & Promo Deal Added.","seo_description":"Discounts Latest And Biggest New Month Itsjustnude Coupon Codes and Itsjustnude Promotional Sale With Free Shipping At discountss.co","slug":"itsjustnude-coupon-code","meta_key":"Itsjustnude Coupon Codes, Itsjustnude Promo Codes, Itsjustnude Discount Codes, Itsjustnude  Sale Coupon, Itsjustnude Voucher Codes, Itsjustnude Deal Codes, Discounts Coupon Codes","featured":"off","popular":"off","default_category":14,"country":9,"deleted_at":null,"created_at":"2023-04-14T15:01:22.000000Z","updated_at":"2023-04-14T15:01:22.000000Z"},{"id":45,"name":"Forlest","description":"<p>Forlest Jelly Gel Bra Is Made Of Ultra-Smooth, Ice-Silk Fabric That Embraces Your Body Well. Features Organic Neoprene Paddings That Enhance Your Bust-Line While Remaining Super Lightweight And Breathable.</p>","home_url":"https://forlest.com/","affiliate_url":"https://shareasale.com/r.cfm?b=1921500&u=2847762&m=119456&urllink=www%2Eforlest%2Ecom&afftrack=","logo":"store/forlest.PNG","description2":"","seo_title":"Verified And Latest Forlest Coupon Codes & Promo Deal Added.","seo_description":"Discounts Latest And Biggest New Month Forlest Coupon Codes and Forlest Promotional Sale With Free Shipping At discountss.co","slug":"forlest-coupon-code","meta_key":"Forlest Coupon Codes, Forlest Promo Codes, Forlest Discount Codes, Forlest Sale Coupon, Forlest Voucher Codes, Forlest Deal Codes, Discounts Coupon Codes","featured":"off","popular":"off","default_category":43,"country":9,"deleted_at":null,"created_at":"2023-04-14T15:01:22.000000Z","updated_at":"2023-04-14T15:01:22.000000Z"},{"id":46,"name":"Biocide Systems","description":"<p>Biocide Systems provides natural effective products containing CIO2 to eliminate the toughest odors such as urine, mildew, &amp; cigarettes in autos, homes, apartments.</p>","home_url":"www.biocidesystems.com","affiliate_url":"https://shareasale.com/r.cfm?b=770487&u=2847762&m=61320&urllink=www%2Ebiocidesystems%2Ecom&afftrack=","logo":"store/bio sys.PNG","description2":"","seo_title":"Verified And Latest  Biocide Systems Coupon Codes & Promo Deal Added.","seo_description":"Discount Latest And Biggest New Month Biocide Systems Coupon Codes and New Biocide Systems Promotional Sale With Free Shipping At discountss.co","slug":"biocide-systems-coupon-code","meta_key":"Biocide Systems Coupon Codes Biocide Systems Promo Codes  Biocide Systems Discount Codes, Biocide SystemsSale Coupon, Biocide Systems Voucher Codes, Biocide Systems Deal Codes, Discounts Coupon Codes","featured":"off","popular":"off","default_category":12,"country":9,"deleted_at":null,"created_at":"2023-04-14T15:01:22.000000Z","updated_at":"2023-04-14T15:01:22.000000Z"},{"id":47,"name":"Alvantor","description":"<p>Alvantor Is A Brand That Specializes In The Research And Development Of Pop Up Screen House &amp; Bubble Tents. We Offer All Kinds Of Indoor &amp; Outdoor Tents For 100+ Countries. Guarantee High Quality And Fast Shipping</p>","home_url":"www.alvantor.com","affiliate_url":"https://shareasale.com/r.cfm?b=1571331&u=2847762&m=98967&urllink=&afftrack=","logo":"store/alvantor.PNG","description2":"","seo_title":"Verified And Latest ALVANTOR Coupon Codes & Promo Deal Added","seo_description":"New ALVANTOR Coupon Codes And Promotional Deals with Free Delivery At discountss.co Most Verified ALVANTOR Promo Codes Added Today","slug":"alvantor-coupon-code","meta_key":"ALVANTOR Coupon Codes, ALVANTOR Promo Codes, ALVANTOR Discount Codes, ALVANTOR Sale Coupon, ALVANTOR Voucher Codes, ALVANTOR Deal Codes, Discounts Coupon Codes","featured":"off","popular":"off","default_category":25,"country":9,"deleted_at":null,"created_at":"2023-04-14T15:01:22.000000Z","updated_at":"2023-04-14T15:01:22.000000Z"},{"id":48,"name":"Moooni","description":"<p>Moooni Offers Affordable Luxury Designs In Our 2022-Edition Line Of Unique Cool Fandeliers And Awesome Crystal Chandeliers. The Expensive-Looking Fandeliers Would Be One Of The Easiest Ways To Enhance Your House Look. Are You Still Using The 1980???s Big-Ass Ceiling Fan Time To Throw Your Old Out-Dated Fan.</p>","home_url":"https://moooni.com/","affiliate_url":"https://shareasale.com/r.cfm?b=2049826&u=2847762&m=126063&urllink=moooni%2Ecom&afftrack=","logo":"store/Moooni.PNG","description2":"","seo_title":"Verified And Latest Moooni Coupon Codes & Promo Deal Added.","seo_description":"Discounts Latest And Biggest New Month Moooni Coupon Codes and Moooni Promotional Sale With Free Shipping At discountss.co","slug":"moooni-coupon-code","meta_key":"Moooni Coupon Codes, Moooni Promo Codes, Moooni Discount Codes, Moooni Sale Coupon, Moooni Voucher Codes, Moooni  Deal Codes, Discount Coupon Codes","featured":"off","popular":"off","default_category":25,"country":9,"deleted_at":null,"created_at":"2023-04-14T15:01:22.000000Z","updated_at":"2023-04-14T15:01:22.000000Z"},{"id":49,"name":"Annke","description":"<p>ANNKE Offers Full-Range High-End 4K/5MP/2MP NVR &amp; DVR Security Cameras And Systems, With True Full Color Night Vision, Precise Image Algorithm, Top-Notch Materials &amp;Amp; Sensors, And More.</p>","home_url":"https://www.annke.com/","affiliate_url":"https://shareasale.com/r.cfm?b=933244&u=2847762&m=68639&urllink=www%2Eannke%2Ecom&afftrack=","logo":"store/annkee.PNG","description2":"","seo_title":"Verified And Latest Annke Coupon Codes & Promo Deal Added.","seo_description":"Discountss Latest And Biggest New Month Annke Coupon Codes and Annke Promotional Sale With Free Shipping At discountss.co","slug":"annke-coupon-code","meta_key":"Annke Coupon Codes, Annke Promo Codes, Annke Discount Codes, Annke Sale Coupon, Annke Voucher Codes, Annke Deal Codes, Discount Coupon Codes","featured":"off","popular":"off","default_category":19,"country":9,"deleted_at":null,"created_at":"2023-04-14T15:01:22.000000Z","updated_at":"2023-04-14T15:01:22.000000Z"},{"id":50,"name":"Myrah Penaloza","description":"<p>Kundalini Yoga Inspired Clothing White Clothing For Yoga. Meditation Clothing For Women. Resort Fashion, Meditation Clothing, Tea Ceremony, New Moon Ceremony. Linen. Cotton. Natural Fabric. Women'S Fashion. Organic. Slow Fashion. Sustainable. Sustainability.</p>","home_url":"https://myrahpenaloza.com/","affiliate_url":"https://shareasale.com/r.cfm?b=1622517&u=2847762&m=101372&urllink=myrahpenaloza%2Ecom%2F&afftrack=","logo":"store/Myrah Penaloza - Promo Codes.PNG","description2":"","seo_title":"Verified And Latest Myrah Penaloza Coupon Codes & Promo Deal Added.","seo_description":"Discountss Latest And Biggest New Month Myrah Penaloza Coupon Codes and Myrah Penaloza Promotional Sale With Free Shipping At discountss.co","slug":"myrah-penaloza-coupon-code","meta_key":"Myrah Penaloza Coupon Codes, Myrah Penaloza Promo Codes, Myrah Penaloza Discount Codes, Myrah Penaloza Sale Coupon, Myrah Penaloza Voucher Codes, Myrah Penaloza Deal Codes, Discountss Coupon Codes","featured":"off","popular":"off","default_category":43,"country":9,"deleted_at":null,"created_at":"2023-04-14T15:01:22.000000Z","updated_at":"2023-04-14T15:01:22.000000Z"}],"url":"https://creativeitsols.com/system/public/sites"}